,City,State,Type,Population [2011],Sex Ratio,Median Age,Avg Temp,SWM,Toilets Avl,Water Purity,H Index,Female Population,# of hospitals,Foreign Visitors,Covid Cases
0,Mumbai,Maharashtra,MC,12442373.0,878.0,23.0,32.0,MEDIUM,219.0,150.0,0.7004395374251806,10924403.0,159.0,4408916.0,163115
1,Delhi,Delhi,MC,11007835.0,858.0,27.0,30.0,MEDIUM,215.0,196.0,0.9200182321815967,9444722.0,148.0,2379169.0,80188
2,Bangalore,Karnataka,MPUA,8436675.0,936.0,28.0,37.0,HIGH,212.0,102.0,0.09708525131204238,7896728.0,123.0,636502.0,141000
3,Hyderabad,Telangana,MPUA,6809970.0,930.0,23.0,31.0,MEDIUM,217.0,118.0,0.827744291890547,6333272.0,110.0,126078.0,55123
4,Ahmedabad,Gujarat,MPUA,5570585.0,852.0,29.0,25.0,LOW,227.0,109.0,0.8479413943777442,4746138.0,73.0,284973.0,33204
5,Chennai,Tamil Nadu,MPUA,4681087.0,904.0,26.0,31.0,HIGH,210.0,179.0,0.536995000741445,4231703.0,67.0,4684707.0,145606
6,Chennai,Tamil Nadu,T,4646732.0,912.0,26.0,30.0,MEDIUM,145.0,177.0,0.09345072893573847,4237820.0,55.0,4684707.0,145606
7,Kolkata,West Bengal,MPUA,4486679.0,945.0,26.0,37.0,HIGH,96.0,150.5082508250825,0.47358466437454605,4239912.0,82.0,1489500.0,44957
8,Surat,Gujarat,MPUA,4467797.0,788.0,27.0,26.0,HIGH,96.0,150.5082508250825,0.809333657964599,3797627.0,98.0,284973.0,23432
9,Pune,Maharashtra,MPUA,3124458.0,915.0,29.0,29.0,HIGH,96.0,150.5082508250825,0.4459024445060996,2743274.0,50.0,4408916.0,218502
10,Jaipur,Rajasthan,MPUA,3046163.0,871.0,26.0,32.0,HIGH,128.0,172.0,0.8898949405315535,2653208.0,61.0,1475311.0,14001
11,Lucknow,Uttar Pradesh,MPUA,2817105.0,882.0,24.0,33.0,HIGH,123.0,176.0,0.4647456003405156,2484687.0,58.0,3104060.0,37220
12,Indore,Madhya Pradesh,M,2800000.0,919.0,25.0,34.0,LOW,116.0,142.0,0.8154657624482068,2573200.0,56.0,421365.0,15764
13,Kanpur,Uttar Pradesh,MPUA,2765348.0,861.0,26.0,29.0,HIGH,135.0,122.0,0.05314696224735449,2380965.0,94.0,3104060.0,22413
14,Nagpur,Maharashtra,MPUA,2405665.0,878.0,26.0,35.0,MEDIUM,100.0,136.0,0.010730139678927664,2112174.0,52.0,4408916.0,44700
15,Indore,Madhya Pradesh,MPUA,1964086.0,929.0,26.0,37.0,MEDIUM,149.0,172.0,0.8843444798640407,1824636.0,76.0,421365.0,15764
16,Thane,Maharashtra,MPUA,1841488.0,878.0,26.0,32.0,LOW,119.0,199.0,0.7278360106304578,1616826.0,90.0,4408916.0,150793
17,Bhopal,Madhya Pradesh,MPUA,1798218.0,926.0,26.0,35.0,LOW,113.0,185.0,0.3331713087186712,1665150.0,72.0,421365.0,12446
18,Visakhapatnam,Andhra Pradesh,MPUA,1728128.0,891.0,26.0,26.0,HIGH,119.0,125.0,0.6415010499054292,1539762.0,51.0,237854.0,21374
19,Pimpri-Chinchwad,Maharashtra,MPUA,1727692.0,872.0,26.0,36.0,HIGH,108.0,195.0,0.4383296582874079,1506547.0,93.0,4408916.0,24402
20,Patna,Bihar,MPUA,1684222.0,925.0,26.0,34.0,LOW,142.0,117.0,0.3775618519842946,1557905.0,62.0,923737.0,23610
21,Vadodara,Gujarat,MPUA,1670806.0,840.0,26.0,29.0,LOW,112.0,156.0,0.26321946527315476,1403477.0,91.0,284973.0,9439
22,Ghaziabad,Uttar Pradesh,MPUA,1648643.0,872.0,26.0,36.0,MEDIUM,122.0,155.0,0.8522127090500631,1437617.0,72.0,3104060.0,10219
23,Ludhiana,Punjab,MPUA,1618879.0,869.0,25.0,28.0,HIGH,131.0,180.0,0.5565100549146356,1406806.0,73.0,242367.0,12847
24,Agra,Uttar Pradesh,MPUA,1585704.0,875.0,25.0,34.0,LOW,124.0,115.0,0.15253387738416335,1387491.0,99.0,3104060.0,3834
25,Nashik,Maharashtra,MPUA,1486053.0,872.0,23.0,36.0,HIGH,122.0,170.0,0.17258441038043193,1295838.0,66.0,4408916.0,50341
26,Ranchi,Jharkhand,MPUA,1456528.0,895.0,29.0,29.0,MEDIUM,144.0,134.0,0.541507059581607,1303593.0,59.0,167785.0,12365
27,Faridabad,Haryana,MPUA,1414050.0,842.0,27.0,32.0,LOW,127.0,200.0,0.3262064284843065,1190630.0,59.0,303118.0,15003
28,Meerut,Uttar Pradesh,MPUA,1305429.0,889.0,29.0,25.0,HIGH,100.0,150.5082508250825,0.4988285623183961,1160526.381,42.0,1474969.0,6092
29,Rajkot,Gujarat,MPUA,1286678.0,848.0,23.0,28.0,HIGH,129.0,150.5082508250825,0.4988285623183961,1091102.9440000001,42.0,1474969.0,6250
30,Kalyan-Dombivli,Maharashtra,MPUA,1247327.0,871.0,23.0,38.0,LOW,144.0,150.5082508250825,0.4988285623183961,1086421.817,42.0,1474969.0,20018
31,Vasai-Virar,Maharashtra,MPUA,1222390.0,876.0,23.0,33.0,HIGH,140.0,150.5082508250825,0.4988285623183961,1070813.6400000001,42.0,1474969.0,20133
32,Varanasi,Uttar Pradesh,MPUA,1201815.0,861.0,25.0,36.0,MEDIUM,121.0,150.5082508250825,0.4988285623183961,1034762.7150000001,42.0,1474969.0,10287
33,Srinagar,Jammu and Kashmir,MPUA,1180570.0,905.0,23.0,15.0,LOW,115.0,150.5082508250825,0.4988285623183961,1068415.8499999999,42.0,1474969.0,11243
34,Aurangabad,Maharashtra,MPUA,1175116.0,887.0,26.0,40.0,HIGH,139.0,150.5082508250825,0.4988285623183961,1042327.892,42.0,1474969.0,3201
35,Dhanbad,Jharkhand,MPUA,1162472.0,910.0,28.0,38.0,LOW,145.0,150.5082508250825,0.4988285623183961,1057849.52,42.0,1474969.0,3702
36,Amritsar,Punjab,MPUA,1132383.0,869.0,24.0,34.0,LOW,111.0,129.0,0.1416958495201055,984041.0,62.0,242367.0,5840
37,Navi Mumbai,Maharashtra,MPUA,1120547.0,880.0,26.0,36.0,LOW,114.0,163.0,0.39927080884456034,986081.0,87.0,4408916.0,22861
38,Allahabad,Uttar Pradesh,MPUA,1112544.0,876.0,28.0,26.0,HIGH,150.0,118.0,0.9440105394300963,974589.0,75.0,3104060.0,24507
39,Howrah,West Bengal,MPUA,1077075.0,954.0,23.0,39.0,LOW,117.0,114.0,0.7312336495679279,1027530.0,54.0,1489500.0,14726
40,Gwalior,Madhya Pradesh,MPUA,1069276.0,925.0,28.0,39.0,LOW,116.0,197.0,0.961352236598199,989080.0,68.0,421365.0,7089
41,Jabalpur,Madhya Pradesh,MPUA,1055525.0,920.0,29.0,27.0,LOW,138.0,106.0,0.005168423714689285,971083.0,74.0,421365.0,5683
42,Coimbatore,Tamil Nadu,MPUA,1050721.0,917.0,28.0,34.0,HIGH,124.0,156.0,0.5025601272432719,963511.0,69.0,4684707.0,20839
43,Vijayawada,Andhra Pradesh,MPUA,1034358.0,914.0,23.0,37.0,LOW,104.0,117.0,0.622070603032492,945403.0,65.0,237854.0,21005
44,Jodhpur,Rajasthan,MPUA,1033918.0,873.0,24.0,27.0,MEDIUM,124.0,174.0,0.592847813629076,902610.0,76.0,1475311.0,14249
45,Chandigarh,Chandigarh,MPUA,1028667.0,818.0,25.0,30.0,LOW,147.0,126.0,0.05571844887546751,841450.0,56.0,29538.0,7292
46,Madurai,Tamil Nadu,MPUA,1844209.0,901.0,25.0,32.0,LOW,131.0,119.0,0.695843370573987,917096.0,89.0,4684707.0,15118
47,Raipur,Chhattisgarh,MPUA,1482227.0,970.0,29.0,29.0,MEDIUM,113.0,200.0,0.7523013055222152,979784.0,60.0,6394.0,19525
48,Guwahati,Assam,CT,962334.0,887.0,29.0,5.0,LOW,102.0,141.0,0.16874087177249097,849171.0,50.0,24720.0,10280
49,Solapur,Maharashtra,CT,1398439.0,873.0,25.0,26.0,HIGH,146.0,189.0,0.6284177166225602,830710.0,96.0,4408916.0,25127
50,Hubli–Dharwad,Karnataka,CT,1847023.0,940.0,29.0,32.0,MEDIUM,117.0,153.0,0.6752039360618094,887161.0,86.0,636502.0,10895
51,Mysore,Karnataka,CT,1238332.0,924.0,27.0,37.0,MEDIUM,149.0,147.0,0.9991392004064421,850588.0,52.0,636502.0,9971
52,Tiruchirappalli,Tamil Nadu,CT,1336849.0,915.0,27.0,30.0,MEDIUM,141.0,155.0,0.6018286575367688,838757.0,51.0,4684707.0,8540
53,Bareilly,Uttar Pradesh,CT,1562495.0,880.0,25.0,39.0,HIGH,116.0,192.0,0.1331697270606892,790387.0,61.0,3104060.0,8139
54,Aurangabad,Maharashtra,MCl,892483.0,877.0,28.0,30.0,MEDIUM,123.0,149.0,0.18161670975782562,782708.0,63.0,4408916.0,3201
55,Aligarh,Uttar Pradesh,CT,889810.0,881.0,24.0,36.0,HIGH,144.0,123.0,0.5346039919117227,783923.0,80.0,3104060.0,6031
56,Tiruppur,Tamil Nadu,CT,877778.0,913.0,28.0,31.0,HIGH,113.0,150.5082508250825,0.4988285623183961,801411.314,86.0,4684707.0,4066
57,Gurgaon,Haryana,CT,876824.0,823.0,29.0,31.0,LOW,149.0,150.5082508250825,0.4988285623183961,721626.152,63.0,303118.0,9537
58,Moradabad,Uttar Pradesh,CT,872575.0,883.0,28.0,31.0,HIGH,132.0,150.5082508250825,0.4988285623183961,770483.7250000001,55.0,3104060.0,6480
59,Jalandhar,Punjab,CT,862196.0,884.0,25.0,31.0,MEDIUM,146.0,150.5082508250825,0.4988285623183961,762181.264,87.0,242367.0,8783
60,Bhubaneswar,Odisha,CT,837737.0,946.0,28.0,31.0,MEDIUM,148.0,150.5082508250825,0.4988285623183961,792499.2019999999,74.0,66971.0,10586
61,Salem,Tamil Nadu,CT,831038.0,906.0,23.0,27.0,HIGH,128.0,150.5082508250825,0.4988285623183961,752920.428,61.0,4684707.0,13590
62,Warangal,Telangana,CT,830281.0,929.0,24.0,39.0,LOW,147.0,150.5082508250825,0.4988285623183961,771331.049,74.0,126078.0,8911
63,Mira-Bhayandar,Maharashtra,CT,814655.0,880.0,24.0,26.0,LOW,116.0,150.5082508250825,0.4988285623183961,716896.4,70.0,4408916.0,8440
64,Jalgaon,Maharashtra,CT,798514.0,882.0,27.0,33.0,LOW,147.0,150.5082508250825,0.4988285623183961,704289.348,54.0,4408916.0,34227
65,Kota,Rajasthan,CT,743556.0,853.0,29.0,25.0,MEDIUM,132.0,150.5082508250825,0.4988285623183961,634253.268,56.0,1475311.0,7067
66,Guntur,Andhra Pradesh,CT,743354.0,915.0,28.0,34.0,MEDIUM,108.0,150.5082508250825,0.4988285623183961,680168.91,56.0,237854.0,10239
67,Bhiwandi,Maharashtra,CT,711329.0,869.0,29.0,40.0,MEDIUM,112.0,150.5082508250825,0.4988285623183961,618144.901,63.0,4408916.0,10071
68,Saharanpur,Uttar Pradesh,CT,703345.0,890.0,24.0,39.0,LOW,120.0,150.5082508250825,0.4988285623183961,625977.05,82.0,3104060.0,5514
69,Gorakhpur,Uttar Pradesh,CT,671048.0,880.0,26.0,31.0,HIGH,150.0,150.5082508250825,0.4988285623183961,590522.24,63.0,3104060.0,12294
70,Bikaner,Rajasthan,CT,647804.0,877.0,24.0,26.0,HIGH,123.0,161.0,0.2575571195980798,568124.0,51.0,1475311.0,5054
71,Amravati,Maharashtra,CT,646801.0,878.0,25.0,34.0,LOW,102.0,176.0,0.8706809551931279,567891.0,78.0,4408916.0,7172
72,Noida,Uttar Pradesh,CT,642381.0,885.0,25.0,25.0,LOW,114.0,108.0,0.6158574628092415,568507.0,77.0,3104060.0,8842
73,Jamshedpur,Jharkhand,CT,631364.0,900.0,27.0,29.0,HIGH,140.0,132.0,0.3597997249358189,568228.0,63.0,167785.0,9711
74,Bhilai,Chhattisgarh,CT,625697.0,957.0,24.0,32.0,HIGH,125.0,198.0,0.0030743436420811454,598792.0,78.0,6394.0,9179
75,Cuttack,Odisha,CT,606007.0,954.0,23.0,38.0,MEDIUM,133.0,149.0,0.024414489750478885,578131.0,85.0,66971.0,12265
76,Firozabad,Uttar Pradesh,CT,603797.0,865.0,28.0,33.0,MEDIUM,135.0,158.0,0.575803058426045,522284.0,59.0,3104060.0,1996
77,Kochi,Kerala,CT,601574.0,971.0,29.0,31.0,LOW,140.0,177.0,0.40189350129864376,584128.0,50.0,977479.0,11254
78,Nellore,Andhra Pradesh,CT,600869.0,906.0,25.0,33.0,MEDIUM,133.0,107.0,0.2721638277638122,544387.0,53.0,237854.0,9052
79,Bhavnagar,Gujarat,CT,593768.0,846.0,24.0,28.0,LOW,117.0,166.0,0.6792644647078715,502328.0,81.0,284973.0,3317
80,Dehradun,Uttarakhand,CT,578420.0,835.0,25.0,6.0,LOW,111.0,184.0,0.2649850857851832,482981.0,91.0,105882.0,6391
81,Durgapur,West Bengal,CT,566937.0,958.0,25.0,26.0,MEDIUM,130.0,150.0,0.4805554668084677,543126.0,54.0,1489500.0,9572
82,Asansol,West Bengal,CT,564491.0,955.0,28.0,26.0,LOW,133.0,125.0,0.8821825983299674,539089.0,71.0,1489500.0,10687
83,Rourkela,Odisha,CT,552734.0,953.0,29.0,27.0,LOW,109.0,181.0,0.45682543234637707,526756.0,77.0,66971.0,11045
84,Nanded,Maharashtra,CT,550564.0,877.0,28.0,25.0,HIGH,102.0,114.0,0.08890451752371764,482845.0,66.0,4408916.0,10652
85,Kolhapur,Maharashtra,CT,549283.0,891.0,25.0,26.0,HIGH,142.0,191.0,0.8061958676978545,489411.0,84.0,4408916.0,30609
86,Ajmer,Rajasthan,CT,542580.0,860.0,26.0,28.0,LOW,123.0,189.0,0.09948162663606885,466619.0,75.0,1475311.0,4967
87,Akola,Maharashtra,CT,537149.0,879.0,24.0,29.0,HIGH,105.0,107.0,0.09712865897765965,472154.0,77.0,4408916.0,4937
88,Gulbarga,Karnataka,CT,532031.0,922.0,24.0,31.0,LOW,105.0,133.0,0.04014409304078803,490533.0,68.0,636502.0,8843
89,Jamnagar,Gujarat,CT,529308.0,853.0,27.0,28.0,HIGH,131.0,115.0,0.02956973561813314,451500.0,74.0,284973.0,3807
90,Ujjain,Madhya Pradesh,CT,515215.0,925.0,29.0,38.0,MEDIUM,149.0,162.0,0.011545983477404542,476574.0,61.0,421365.0,2095
91,Loni,Uttar Pradesh,CT,512296.0,861.0,28.0,31.0,LOW,107.0,169.0,0.06947097584570994,441087.0,54.0,3104060.0,9634
92,Siliguri,West Bengal,CT,509709.0,957.0,24.0,25.0,HIGH,106.0,102.0,0.29432797217287265,487792.0,74.0,1489500.0,9179
93,Jhansi,Uttar Pradesh,CT,507293.0,869.0,27.0,30.0,MEDIUM,129.0,112.0,0.6425460321304498,440838.0,80.0,3104060.0,5440
94,Ulhasnagar,Maharashtra,CT,506937.0,880.0,28.0,39.0,LOW,123.0,124.0,0.8121264189310601,446105.0,74.0,4408916.0,9846
95,Jammu,Jammu and Kashmir,CT,503690.0,908.0,24.0,10.0,HIGH,145.0,169.0,0.07783128261434158,457351.0,53.0,58568.0,7697
96,Sangli-Miraj & Kupwad,Maharashtra,CT,502697.0,869.0,29.0,30.0,HIGH,146.0,130.0,0.7621123303038305,436844.0,84.0,4408916.0,10070
97,Mangalore,Karnataka,CT,499486.0,931.0,28.0,28.0,HIGH,120.0,102.0,0.018752723879577382,465021.0,52.0,636502.0,10418
98,Erode,Tamil Nadu,CT,498129.0,915.0,23.0,27.0,MEDIUM,140.0,138.0,0.5623578931863212,455788.0,67.0,4684707.0,4205
99,Belgaum,Karnataka,CT,488292.0,952.0,23.0,29.0,HIGH,147.0,172.0,0.3667513694114649,464854.0,100.0,636502.0,8751
100,Ambattur,Tamil Nadu,CT,478134.0,916.0,24.0,37.0,LOW,111.0,185.0,0.9206266541109814,437971.0,78.0,4684707.0,8786
101,Tirunelveli,Tamil Nadu,CT,473637.0,907.0,29.0,32.0,HIGH,110.0,125.0,0.8711374609539839,429589.0,93.0,4684707.0,10774
102,Malegaon,Maharashtra,CT,471006.0,871.0,27.0,26.0,HIGH,123.0,137.0,0.2155429935004578,410246.0,85.0,4408916.0,9398
103,Gaya,Bihar,CT,463454.0,917.0,23.0,30.0,MEDIUM,107.0,170.0,0.558294607923586,424987.0,59.0,923737.0,8429
104,Thiruvananthapuram,Kerala,CT,460468.0,959.0,30.0,29.0,HIGH,104.0,159.0,0.42202878896264084,441589.0,86.0,977479.0,19818
105,Udaipur,Rajasthan,CT,451735.0,877.0,28.0,37.0,LOW,117.0,149.0,0.16146759484141815,396172.0,89.0,1475311.0,2648
106,Kakinada,Andhra Pradesh,CT,443028.0,875.0,29.0,35.0,LOW,103.0,166.0,0.28401013155603294,387650.0,63.0,237854.0,10140
107,Davanagere,Karnataka,CT,435128.0,934.0,25.0,30.0,MEDIUM,112.0,109.0,0.15158238697963777,406410.0,70.0,636502.0,12486
108,Kozhikode,Kerala,CT,432097.0,964.0,29.0,40.0,LOW,135.0,141.0,0.347997166439987,416542.0,52.0,977479.0,7682
109,Maheshtala,West Bengal,CT,429423.0,951.0,25.0,28.0,MEDIUM,111.0,126.0,0.23410148144322473,408381.0,51.0,1489500.0,9502
110,Rajpur Sonarpur,West Bengal,CT,423806.0,957.0,23.0,27.0,LOW,128.0,152.0,0.3199063761358325,405582.0,99.0,1489500.0,8797
111,Rajahmundry,Andhra Pradesh,CT,419818.0,905.0,26.0,35.0,HIGH,145.0,127.0,0.6038403992038005,379935.0,99.0,237854.0,9403
112,Bokaro,Jharkhand,CT,413934.0,891.0,23.0,26.0,HIGH,111.0,131.0,0.1391530518435259,368815.0,91.0,167785.0,2774
113,South Dumdum,West Bengal,CT,410524.0,957.0,23.0,33.0,LOW,110.0,145.0,0.5114874211676678,392871.0,89.0,1489500.0,8797
114,Bellary,Karnataka,CT,409644.0,944.0,26.0,32.0,LOW,137.0,182.0,0.9805470142478572,386704.0,73.0,636502.0,9809
115,Patiala,Punjab,CT,405164.0,886.0,26.0,38.0,MEDIUM,142.0,129.0,0.556825582878836,358975.0,95.0,242367.0,7729
116,Gopalpur,West Bengal,CT,404991.0,950.0,26.0,29.0,MEDIUM,130.0,136.0,0.1617103944717898,384741.0,83.0,1489500.0,9871
117,Agartala,Tripura,CT,399688.0,977.0,28.0,12.0,HIGH,122.0,122.0,0.12140719129739252,390495.0,64.0,34886.0,10933
118,Bhagalpur,Bihar,CT,398138.0,916.0,28.0,38.0,HIGH,143.0,182.0,0.5866169813519839,364694.0,81.0,923737.0,10250
119,Muzaffarnagar,Uttar Pradesh,CT,392451.0,877.0,28.0,26.0,LOW,135.0,122.0,0.8070698759708975,344180.0,66.0,3104060.0,3103
120,Bhatpara,West Bengal,CT,390467.0,959.0,29.0,33.0,LOW,123.0,186.0,0.7271310207796384,374458.0,76.0,1489500.0,11114
121,Panihati,West Bengal,CT,383522.0,947.0,27.0,30.0,LOW,103.0,139.0,0.2751235634933482,363195.0,50.0,1489500.0,10218
122,Latur,Maharashtra,CT,382754.0,870.0,24.0,33.0,LOW,119.0,128.0,0.5089601897507,332996.0,85.0,4408916.0,11510
123,Dhule,Maharashtra,CT,376093.0,889.0,24.0,39.0,HIGH,112.0,176.0,0.33947156218706565,334347.0,54.0,4408916.0,10233
124,Tirupati,Andhra Pradesh,CT,374260.0,890.0,25.0,27.0,HIGH,106.0,141.0,0.26137640256286254,333091.0,58.0,237854.0,8891
125,Rohtak,Haryana,CT,373133.0,846.0,25.0,28.0,MEDIUM,108.0,180.0,0.36581744524661175,315671.0,91.0,303118.0,3798
126,Sagar,Madhya Pradesh,CT,370296.0,912.0,25.0,28.0,LOW,136.0,134.0,0.938754221581496,337710.0,69.0,421365.0,1410
127,Korba,Chhattisgarh,CT,363210.0,973.0,29.0,25.0,LOW,129.0,198.0,0.41620569728595946,353403.0,79.0,6394.0,1285
128,Bhilwara,Rajasthan,CT,360009.0,866.0,26.0,40.0,MEDIUM,145.0,172.0,0.9144217637764788,311768.0,64.0,1475311.0,2458
129,Berhampur,Odisha,CT,355823.0,945.0,27.0,28.0,HIGH,134.0,130.0,0.21377280012327748,336253.0,57.0,66971.0,10197
130,Muzaffarpur,Bihar,CT,351838.0,920.0,29.0,26.0,LOW,139.0,174.0,0.6940191045505455,323691.0,61.0,923737.0,10662
131,Ahmednagar,Maharashtra,CT,350905.0,893.0,27.0,30.0,HIGH,150.0,166.0,0.21402661867195372,313358.0,80.0,4408916.0,26912
132,Mathura,Uttar Pradesh,CT,349336.0,864.0,28.0,33.0,HIGH,118.0,164.0,0.13137889180600926,301826.0,58.0,3104060.0,2976
133,Kollam,Kerala,CT,349033.0,971.0,28.0,29.0,MEDIUM,147.0,134.0,0.6077493331457574,338911.0,57.0,977479.0,6147
134,Avadi,Tamil Nadu,CT,344701.0,923.0,23.0,39.0,LOW,146.0,160.0,0.9956976221608521,318159.0,64.0,4684707.0,8484
135,Kadapa,Andhra Pradesh,CT,343054.0,929.0,27.0,28.0,HIGH,117.0,123.0,0.9076620146726249,318697.0,99.0,237854.0,10024
136,Kamarhati,West Bengal,CT,336579.0,957.0,25.0,32.0,HIGH,148.0,131.0,0.09181869690697064,322106.0,52.0,1489500.0,9561
137,Sambalpur,Odisha,CT,335761.0,947.0,27.0,40.0,LOW,102.0,194.0,0.458369827737674,317966.0,91.0,66971.0,3734
138,Bilaspur,Chhattisgarh,CT,330106.0,966.0,28.0,32.0,LOW,126.0,140.0,0.8965209524543952,318882.0,57.0,6394.0,449
139,Shahjahanpur,Uttar Pradesh,CT,327975.0,885.0,23.0,40.0,LOW,142.0,169.0,0.8102741922752807,290258.0,61.0,3104060.0,4303
140,Satara,Maharashtra,CT,326789.0,870.0,29.0,34.0,LOW,148.0,134.0,0.2826439240031755,284306.0,63.0,4408916.0,21674
141,Bijapur,Karnataka,CT,326360.0,948.0,28.0,37.0,LOW,133.0,183.0,0.11749626889971676,309389.0,96.0,636502.0,10608
142,Kurnool,Andhra Pradesh,CT,325300.0,914.0,27.0,38.0,LOW,140.0,140.0,0.8878957951908888,297324.0,81.0,237854.0,9862
143,Rampur,Uttar Pradesh,CT,325248.0,879.0,27.0,34.0,MEDIUM,121.0,179.0,0.6241772409626707,285893.0,75.0,3104060.0,4172
144,Shimoga,Karnataka,CT,322428.0,953.0,24.0,40.0,MEDIUM,103.0,192.0,0.9640434671430785,307274.0,75.0,636502.0,9141
145,Chandrapur,Maharashtra,CT,321036.0,869.0,28.0,34.0,HIGH,145.0,155.0,0.4828222560776183,278980.0,93.0,4408916.0,4697
146,Junagadh,Gujarat,CT,320250.0,853.0,26.0,26.0,LOW,121.0,150.0,0.09457941447926455,273173.0,82.0,284973.0,2081
147,Thrissur,Kerala,CT,315596.0,966.0,31.0,37.0,HIGH,118.0,126.0,0.21664215289692457,304866.0,62.0,977479.0,6235
148,Alwar,Rajasthan,CT,315310.0,877.0,27.0,33.0,MEDIUM,140.0,173.0,0.8367609379875705,276527.0,59.0,1475311.0,8677
149,Bardhaman,West Bengal,CT,314638.0,961.0,26.0,40.0,LOW,124.0,199.0,0.9068681657125341,302367.0,93.0,1489500.0,9985
150,Kulti,West Bengal,CT,313977.0,947.0,24.0,39.0,HIGH,134.0,130.0,0.7588398120123064,297336.0,59.0,1489500.0,9083
151,Nizamabad,Telangana,CT,310467.0,936.0,23.0,37.0,HIGH,149.0,132.0,0.7995571239296936,290597.0,67.0,126078.0,4424
152,Parbhani,Maharashtra,CT,307191.0,874.0,23.0,33.0,MEDIUM,143.0,128.0,0.09106622217978055,268485.0,87.0,4408916.0,3811
153,Tumkur,Karnataka,CT,305821.0,952.0,27.0,36.0,LOW,113.0,144.0,0.29838505644545354,291141.592,42.0,636502.0,10272
154,Khammam,Telangana,CT,305000.0,922.0,24.0,28.0,HIGH,134.0,172.0,0.45365000896501206,281210.0,42.0,126078.0,4316
155,Hisar,Haryana,M.Corp,301249.0,824.0,25.0,31.0,HIGH,109.0,151.0,0.36173606642165657,248229.176,42.0,303118.0,3315
156,Ozhukarai,Puducherry,CT,300028.0,1031.0,28.0,26.0,LOW,117.0,121.0,0.11225888869597744,309328.868,42.0,106153.0,11537
157,Bihar Sharif,Bihar,CT,296889.0,927.0,26.0,25.0,LOW,108.0,125.0,0.5173939795383127,275216.103,42.0,923737.0,9632
158,Panipat,Haryana,CT,294150.0,829.0,27.0,29.0,LOW,119.0,146.0,0.7325777449029552,243850.0,64.0,303118.0,5255
159,Darbhanga,Bihar,CT,294116.0,914.0,25.0,29.0,LOW,150.0,115.0,0.5447799746202421,268822.0,54.0,923737.0,9131
160,Bally,West Bengal,CT,291972.0,961.0,23.0,34.0,LOW,113.0,135.0,0.2133922954382288,280585.0,64.0,1489500.0,8833
161,Aizawl,Mizoram,CT,291822.0,975.0,28.0,12.0,LOW,103.0,106.0,0.7259495680402198,284526.0,73.0,798.0,887
162,Dewas,Madhya Pradesh,CT,289438.0,916.0,27.0,37.0,LOW,107.0,152.0,0.009473836927817114,265125.0,79.0,421365.0,877
163,Ichalkaranji,Maharashtra,CT,287570.0,888.0,24.0,26.0,MEDIUM,137.0,166.0,0.9382620638417646,255362.0,88.0,4408916.0,8517
164,Karnal,Haryana,CT,286974.0,820.0,25.0,34.0,HIGH,150.0,173.0,0.3387574473046149,235319.0,83.0,1474969.0,4738
165,Bathinda,Punjab,CT,285813.0,875.0,26.0,31.0,LOW,138.0,152.0,0.736867736317167,250086.0,60.0,1474969.0,3630
166,Jalna,Maharashtra,CT,285349.0,871.0,29.0,32.0,MEDIUM,149.0,107.0,0.3321620400152938,248539.0,86.0,1474969.0,5595
167,Eluru,Andhra Pradesh,CT,283648.0,911.0,26.0,37.0,LOW,129.0,195.0,0.3658065057466088,258403.0,62.0,1474969.0,9465
168,Barasat,West Bengal,CT,283443.0,945.0,24.0,40.0,MEDIUM,141.0,172.0,0.3522189906678669,267854.0,73.0,1474969.0,9064
169,Kirari Suleman Nagar,Delhi,CT,282598.0,866.0,27.0,40.0,MEDIUM,105.0,103.0,0.8670029534114781,244730.0,57.0,1474969.0,9343
170,Purnia,Bihar,CT,280547.0,929.0,24.0,34.0,MEDIUM,123.0,170.0,0.8633917867259471,260628.0,51.0,1474969.0,8910
171,Satna,Madhya Pradesh,CT,280248.0,921.0,25.0,40.0,HIGH,116.0,185.0,0.8401186754819645,258108.0,99.0,1474969.0,759
172,Mau,Uttar Pradesh,CT,279060.0,890.0,29.0,35.0,LOW,139.0,117.0,0.48364136746700326,248363.0,60.0,1474969.0,1958
173,Sonipat,Haryana,CT,277053.0,827.0,29.0,38.0,MEDIUM,116.0,131.0,0.06725917639524481,229123.0,86.0,1474969.0,5498
174,Farrukhabad,Uttar Pradesh,CT,275750.0,890.0,24.0,28.0,LOW,117.0,114.0,0.3426864394997443,245418.0,77.0,1474969.0,1652
175,Durg,Chhattisgarh,CT,268679.0,950.0,27.0,39.0,HIGH,115.0,135.0,0.12924485344554248,255245.0,92.0,1474969.0,10251
176,Imphal,Manipur,CT,264986.0,981.0,27.0,9.0,HIGH,150.0,101.0,0.2922174082936462,259951.0,80.0,1474969.0,10585
177,Ratlam,Madhya Pradesh,CT,264810.0,914.0,25.0,32.0,MEDIUM,137.0,125.0,0.5148645361710211,242036.0,73.0,1474969.0,1387
178,Hapur,Uttar Pradesh,CT,262801.0,867.0,23.0,33.0,HIGH,150.0,105.0,0.9506704829598607,227848.0,66.0,1474969.0,2040
179,Arrah,Bihar,CT,261099.0,923.0,25.0,31.0,HIGH,118.0,184.0,0.9385062139035901,240994.0,84.0,1474969.0,9221
180,Anantapur,Andhra Pradesh,CT,261004.0,882.0,24.0,39.0,LOW,140.0,105.0,0.3272639146200187,230206.0,85.0,1474969.0,8459
181,Karimnagar,Telangana,CT,260899.0,929.0,27.0,27.0,MEDIUM,135.0,148.0,0.23080029864832652,242375.0,95.0,1474969.0,6245
182,Etawah,Uttar Pradesh,CT,256838.0,885.0,27.0,27.0,LOW,104.0,183.0,0.1101370574240137,227302.0,97.0,1474969.0,2887
183,Ambarnath,Maharashtra,CT,254003.0,871.0,25.0,37.0,MEDIUM,101.0,164.0,0.2509353848201282,221237.0,99.0,1474969.0,8701
184,North Dumdum,West Bengal,CT,253625.0,951.0,27.0,33.0,HIGH,139.0,151.0,0.20217857624949842,241197.0,52.0,1474969.0,10261
185,Bharatpur,Rajasthan,CT,252109.0,865.0,24.0,40.0,LOW,122.0,138.0,0.5548756228152546,218074.0,57.0,1474969.0,3877
186,Begusarai,Bihar,CT,251136.0,928.0,24.0,31.0,MEDIUM,101.0,112.0,0.3017614723073516,233054.0,97.0,1474969.0,8901
187,New Delhi,Delhi,CT,249998.0,876.0,23.0,40.0,HIGH,100.0,113.0,0.7391317520912364,218998.0,68.0,1474969.0,8051
188,Gandhidham,Gujarat,CT,248705.0,870.0,29.0,30.0,HIGH,119.0,107.0,0.2647456319129481,216373.0,94.0,1474969.0,10082
189,Baranagar,West Bengal,CT,248466.0,958.0,25.0,33.0,MEDIUM,107.0,193.0,0.0766560149621065,238030.0,78.0,1474969.0,9571
190,Tiruvottiyur,Tamil Nadu,CT,248059.0,905.0,29.0,28.0,MEDIUM,141.0,187.0,0.052000097803643786,224493.0,100.0,1474969.0,10488
191,Pondicherry,Puducherry,CT,241773.0,1042.0,24.0,25.0,HIGH,118.0,187.0,0.6370988650556908,251927.0,50.0,1474969.0,9995
192,Sikar,Rajasthan,CT,237579.0,858.0,25.0,37.0,MEDIUM,149.0,116.0,0.6013508193541479,203843.0,63.0,1474969.0,2962
193,Thoothukudi,Tamil Nadu,CT,237374.0,915.0,24.0,25.0,MEDIUM,116.0,184.0,0.9620446775717995,217197.0,68.0,1474969.0,8776
194,Rewa,Madhya Pradesh,CT,235422.0,929.0,23.0,33.0,LOW,144.0,123.0,0.42118120242155355,218707.0,72.0,1474969.0,1021
195,Mirzapur,Uttar Pradesh,CT,233691.0,861.0,28.0,33.0,MEDIUM,130.0,118.0,0.5100630941353476,201208.0,67.0,1474969.0,1945
196,Raichur,Karnataka,CT,232456.0,938.0,24.0,34.0,LOW,107.0,177.0,0.856074149430339,218044.0,80.0,1474969.0,9096
197,Pali,Rajasthan,CT,229956.0,863.0,24.0,34.0,LOW,116.0,132.0,0.3667135554826817,198452.0,99.0,1474969.0,4459
198,Ramagundam,Telangana,CT,229644.0,918.0,26.0,31.0,MEDIUM,142.0,190.0,0.10579834854502224,210813.0,77.0,1474969.0,9538
199,Silchar,Assam,CT,229136.0,901.0,26.0,8.0,MEDIUM,106.0,193.0,0.7140268055610168,206452.0,54.0,1474969.0,9361
200,Haridwar,Uttarakhand,CT,228832.0,842.0,27.0,5.0,HIGH,126.0,178.0,0.6438094704707658,192677.0,93.0,1474969.0,5989
201,Vijayanagaram,Andhra Pradesh,CT,228025.0,894.0,28.0,32.0,HIGH,124.0,155.0,0.4568089870803209,203854.0,89.0,1474969.0,10003
202,Tenali,Andhra Pradesh,CT,225982.0,896.0,29.0,38.0,LOW,123.0,167.0,0.11282175650670268,202480.0,94.0,1474969.0,10383
203,Nagercoil,Tamil Nadu,CT,224849.0,911.0,28.0,27.0,LOW,129.0,188.0,0.6328853289359032,204837.0,83.0,1474969.0,10193
204,Sri Ganganagar,Rajasthan,CT,224773.0,850.0,23.0,30.0,HIGH,149.0,135.0,0.43680371658006645,191057.0,83.0,1474969.0,7812
205,Karawal Nagar,Delhi,CT,224666.0,850.0,23.0,38.0,MEDIUM,148.0,112.0,0.13828539325379396,190966.0,77.0,1474969.0,7812
206,Mango,Jharkhand,CT,223805.0,905.0,28.0,35.0,MEDIUM,149.0,180.0,0.12232001506345758,202544.0,78.0,1474969.0,10126
207,Thanjavur,Tamil Nadu,CT,222943.0,907.0,25.0,30.0,HIGH,144.0,177.0,0.3657353785290848,202209.0,66.0,1474969.0,7906
208,Bulandshahr,Uttar Pradesh,CT,222519.0,864.0,25.0,39.0,LOW,110.0,100.0,0.09145206884979284,192256.0,95.0,1474969.0,2797
209,Uluberia,West Bengal,CT,222240.0,947.0,26.0,39.0,HIGH,120.0,173.0,0.8550205614611013,210461.0,62.0,1474969.0,9840
210,Katni,Madhya Pradesh,CT,221883.0,914.0,25.0,31.0,MEDIUM,107.0,173.0,0.9991114072998988,202801.0,83.0,1474969.0,571
211,Sambhal,Uttar Pradesh,CT,220813.0,891.0,23.0,30.0,LOW,113.0,123.0,0.4634285291050563,196744.0,79.0,1474969.0,1845
212,Singrauli,Madhya Pradesh,CT,220257.0,922.0,27.0,33.0,HIGH,100.0,197.0,0.1750121393607046,203077.0,50.0,1474969.0,438
213,Nadiad,Gujarat,CT,218095.0,866.0,26.0,37.0,HIGH,124.0,113.0,0.646468196780841,188870.0,98.0,1474969.0,8997
214,Secunderabad,Telangana,CT,217910.0,934.0,26.0,27.0,LOW,115.0,197.0,0.43754163600731344,203528.0,74.0,1474969.0,9705
215,Naihati,West Bengal,CT,217900.0,955.0,26.0,38.0,HIGH,110.0,111.0,0.7547688421278006,208095.0,72.0,1474969.0,9923
216,Yamunanagar,Haryana,CT,216677.0,843.0,24.0,27.0,MEDIUM,115.0,186.0,0.29830118478783985,182659.0,99.0,1474969.0,2601
217,Bidhannagar,West Bengal,CT,215514.0,951.0,26.0,28.0,MEDIUM,119.0,150.0,0.6627313982786793,204954.0,56.0,1474969.0,9881
218,Pallavaram,Tamil Nadu,CT,215417.0,917.0,24.0,38.0,LOW,113.0,180.0,0.631001973210492,197537.0,74.0,1474969.0,8795
219,Bidar,Karnataka,CT,214373.0,922.0,25.0,31.0,MEDIUM,102.0,137.0,0.9170534089551583,197652.0,82.0,1474969.0,5261
220,Munger,Bihar,CT,213303.0,918.0,25.0,39.0,LOW,114.0,129.0,0.3309083869735492,195812.0,72.0,1474969.0,9171
221,Panchkula,Haryana,CT,211355.0,839.0,27.0,36.0,HIGH,135.0,135.0,0.2391046483498488,177327.0,70.0,1474969.0,3632
222,Burhanpur,Madhya Pradesh,CT,210886.0,918.0,27.0,27.0,HIGH,138.0,107.0,0.7540460530569465,193593.0,79.0,1474969.0,595
223,Raurkela Industrial Township,Odisha,CT,210317.0,962.0,27.0,29.0,MEDIUM,121.0,184.0,0.5091434381951006,202325.0,79.0,1474969.0,10380
224,Kharagpur,West Bengal,CT,207604.0,961.0,29.0,31.0,HIGH,150.0,161.0,0.33338388608097214,199507.0,92.0,1474969.0,11137
225,Dindigul,Tamil Nadu,CT,207327.0,908.0,23.0,26.0,LOW,132.0,176.0,0.08429693521260972,188253.0,50.0,1474969.0,7681
226,Gandhinagar,Gujarat,CT,206167.0,845.0,29.0,35.0,LOW,127.0,129.0,0.7157803267297896,174211.0,74.0,1474969.0,9792
227,Hospet,Karnataka,CT,206167.0,921.0,29.0,40.0,HIGH,100.0,109.0,0.18632705316785692,189880.0,87.0,1474969.0,10673
228,Nangloi Jat,Delhi,CT,205596.0,874.0,28.0,27.0,LOW,102.0,197.0,0.3162285010107426,179691.0,51.0,1474969.0,9779
229,Malda,West Bengal,CT,205521.0,955.0,27.0,35.0,HIGH,137.0,117.0,0.6456890952980044,196273.0,92.0,1474969.0,5368
230,Ongole,Andhra Pradesh,CT,204746.0,925.0,29.0,33.0,HIGH,132.0,181.0,0.4312254169669394,189390.0,76.0,1474969.0,10720
231,Deoghar,Jharkhand,CT,203123.0,897.0,25.0,29.0,MEDIUM,110.0,141.0,0.3425474852606004,182201.0,92.0,1474969.0,1689
232,Chapra,Bihar,CT,202352.0,926.0,27.0,38.0,LOW,138.0,113.0,0.6721947872039118,187378.0,72.0,1474969.0,9991
233,Haldia,West Bengal,CT,200827.0,945.0,25.0,28.0,MEDIUM,124.0,111.0,0.768494534370252,189782.0,58.0,1474969.0,9441
234,Khandwa,Madhya Pradesh,CT,200738.0,923.0,24.0,32.0,HIGH,125.0,193.0,0.8997172896659804,185281.0,88.0,1474969.0,1121
235,Nandyal,Andhra Pradesh,CT,200516.0,920.0,25.0,31.0,LOW,121.0,181.0,0.6908459377215505,184475.0,99.0,1474969.0,9191
236,Morena,Madhya Pradesh,CT,200482.0,922.0,26.0,28.0,LOW,119.0,156.0,0.6676947399343616,184844.0,92.0,1474969.0,2220
237,Amroha,Uttar Pradesh,CT,198471.0,881.0,26.0,40.0,MEDIUM,120.0,173.0,0.6248430899930243,174853.0,51.0,1474969.0,2081
238,Anand,Gujarat,CT,198282.0,852.0,26.0,38.0,LOW,104.0,105.0,0.8945377294003906,168936.0,89.0,1474969.0,8852
239,Bhind,Madhya Pradesh,CT,197585.0,928.0,24.0,29.0,HIGH,136.0,163.0,0.33170176353696634,183359.0,53.0,1474969.0,677
240,Bhalswa Jahangir Pur,Delhi,CT,197148.0,868.0,28.0,33.0,HIGH,138.0,164.0,0.07979568338236709,171124.0,95.0,1474969.0,9712
241,Madhyamgram,West Bengal,CT,196127.0,945.0,25.0,37.0,LOW,148.0,191.0,0.9553893469035195,185340.0,50.0,1474969.0,9441
242,Bhiwani,Haryana,CT,196057.0,826.0,27.0,40.0,MEDIUM,136.0,145.0,0.9777042103552799,161943.0,99.0,1474969.0,8911
243,Berhampore,West Bengal,CT,195223.0,958.0,29.0,29.0,MEDIUM,150.0,105.0,0.2283098957010058,187024.0,50.0,1474969.0,11103
244,Ambala,Haryana,CT,195153.0,822.0,24.0,33.0,HIGH,106.0,116.0,0.05375761046141736,160416.0,72.0,1474969.0,7883
245,Morbi,Gujarat,CT,194947.0,871.0,26.0,39.0,HIGH,116.0,152.0,0.8094308926926689,169799.0,97.0,284973.0,9049
246,Fatehpur,Uttar Pradesh,CT,193193.0,871.0,25.0,33.0,LOW,138.0,112.0,0.37842517654205043,168271.0,94.0,3104060.0,1692
247,Raebareli,Uttar Pradesh,CT,191316.0,883.0,26.0,29.0,MEDIUM,127.0,179.0,0.45025594418881154,168932.0,96.0,3104060.0,9174
248,"Khora, Ghaziabad",Uttar Pradesh,CT,190400.0,882.0,23.0,29.0,MEDIUM,134.0,150.0,0.17354031180416618,167933.0,68.0,3104060.0,8107
249,Chittoor,Andhra Pradesh,CT,189332.0,881.0,25.0,27.0,LOW,107.0,115.0,0.916722679482143,166801.0,58.0,237854.0,8801
250,Bhusawal,Maharashtra,CT,187421.0,886.0,26.0,36.0,HIGH,102.0,171.0,0.1795272976805916,166055.0,89.0,4408916.0,9205
251,Orai,Uttar Pradesh,CT,187137.0,891.0,27.0,30.0,LOW,122.0,161.0,0.8433039173034728,166739.0,84.0,3104060.0,9613
252,Bahraich,Uttar Pradesh,CT,186223.0,885.0,24.0,40.0,LOW,129.0,113.0,0.49087869889368363,164807.0,84.0,3104060.0,2473
253,Phusro,Jharkhand,CT,186139.0,906.0,27.0,35.0,LOW,113.0,195.0,0.04470290648907749,168642.0,62.0,167785.0,9775
254,Vellore,Tamil Nadu,CT,185803.0,923.0,26.0,33.0,HIGH,130.0,129.0,0.30459058357846513,171496.0,58.0,4684707.0,12234
255,Mehsana,Gujarat,CT,184991.0,847.0,26.0,25.0,LOW,131.0,128.0,0.9317180372422066,156687.0,97.0,284973.0,8800
256,Raiganj,West Bengal,CT,183612.0,948.0,28.0,25.0,MEDIUM,103.0,171.0,0.8152319885942749,174064.0,63.0,1489500.0,10608
257,Sirsa,Haryana,CT,182534.0,825.0,27.0,40.0,HIGH,148.0,119.0,0.9364157322534391,150591.0,61.0,303118.0,8901
258,Danapur,Bihar,CT,182429.0,913.0,26.0,34.0,MEDIUM,140.0,185.0,0.15818270606893026,166558.0,97.0,923737.0,9486
259,Serampore,West Bengal,CT,181842.0,948.0,26.0,32.0,MEDIUM,118.0,167.0,0.03823877241719997,172386.0,83.0,1489500.0,9850
260,Sultan Pur Majra,Delhi,CT,181554.0,870.0,24.0,30.0,HIGH,117.0,129.0,0.34608855042639475,157952.0,90.0,2379169.0,8344
261,Guna,Madhya Pradesh,CT,180935.0,935.0,29.0,38.0,LOW,145.0,168.0,0.8063950083818077,169174.0,67.0,421365.0,428
262,Jaunpur,Uttar Pradesh,CT,180362.0,884.0,28.0,38.0,MEDIUM,101.0,200.0,0.856761967086495,159440.0,86.0,3104060.0,4236
263,Panvel,Maharashtra,CT,180020.0,885.0,23.0,30.0,HIGH,96.0,150.5082508250825,0.3974956643772001,159318.0,55.0,4408916.0,8134
264,Shivpuri,Madhya Pradesh,CT,179977.0,934.0,26.0,32.0,LOW,96.0,150.5082508250825,0.8119577490789806,168099.0,74.0,421365.0,1450
265,Surendranagar Dudhrej,Gujarat,CT,177851.0,871.0,23.0,28.0,MEDIUM,96.0,150.5082508250825,0.1575037568987372,154908.0,95.0,284973.0,8005
266,Unnao,Uttar Pradesh,CT,177658.0,861.0,23.0,26.0,LOW,96.0,150.5082508250825,0.02111268327607807,152964.0,55.0,3104060.0,2713
267,Chinsurah,West Bengal,CT,177259.0,948.0,28.0,38.0,LOW,96.0,150.5082508250825,0.19941252673776855,168042.0,58.0,1489500.0,10608
268,Alappuzha,Kerala,CT,174164.0,969.0,30.0,29.0,HIGH,96.0,150.5082508250825,0.6416945009524329,168765.0,75.0,977479.0,7308
269,Kottayam,Kerala,CT,172878.0,983.0,32.0,32.0,LOW,96.0,150.5082508250825,0.9541238369852031,169939.0,65.0,977479.0,5611
270,Machilipatnam,Andhra Pradesh,CT,169892.0,890.0,28.0,33.0,HIGH,96.0,150.5082508250825,0.1327121762798803,151204.0,91.0,237854.0,9958
271,Shimla,Himachal Pradesh,CT,169578.0,937.0,28.0,13.0,MEDIUM,96.0,150.5082508250825,0.3855150552141311,158895.0,85.0,406108.0,10485
272,Adoni,Andhra Pradesh,CT,166537.0,896.0,26.0,40.0,LOW,96.0,150.5082508250825,0.34538097864236783,149217.0,88.0,237854.0,9309
273,Udupi,Karnataka,CT,165401.0,930.0,28.0,29.0,HIGH,96.0,150.5082508250825,0.7728129550515567,153823.0,83.0,636502.0,13751
274,Katihar,Bihar,CT,164937.0,912.0,24.0,37.0,LOW,96.0,150.5082508250825,0.6770359025943088,150423.0,68.0,923737.0,8747
275,Proddatur,Andhra Pradesh,CT,163600.0,878.0,25.0,40.0,HIGH,96.0,150.5082508250825,0.6714012060902019,143641.0,80.0,237854.0,8771
276,Mahbubnagar,Telangana,CT,158000.0,922.0,28.0,33.0,HIGH,96.0,150.5082508250825,0.1828360440954565,145676.0,79.0,126078.0,10317
277,Kallakurichi,Tamil Nadu,M,157628.0,917.0,27.0,30.0,LOW,96.0,150.5082508250825,0.31273693257858937,144545.0,67.0,4684707.0,7521
278,Saharsa,Bihar,CT,155175.0,907.0,24.0,35.0,LOW,96.0,150.5082508250825,0.5926349845895704,140744.0,74.0,923737.0,8699
279,Dibrugarh,Assam,CT,154296.0,916.0,23.0,15.0,MEDIUM,96.0,150.5082508250825,0.3128407221606555,141335.0,53.0,24720.0,8419
280,Jorhat,Assam,CT,153889.0,917.0,29.0,13.0,HIGH,112.0,131.0,0.9418212893959361,141116.0,81.0,24720.0,10627
281,Hazaribagh,Jharkhand,CT,153599.0,911.0,27.0,31.0,LOW,139.0,115.0,0.8239407182097587,139929.0,91.0,167785.0,9829
282,Hindupur,Andhra Pradesh,CT,151835.0,888.0,23.0,36.0,HIGH,125.0,174.0,0.006412195407394128,134829.0,61.0,237854.0,8162
283,Khairthal,Rajasthan,M,150298.0,874.0,29.0,27.0,MEDIUM,115.0,134.0,0.5157569972258523,131360.0,82.0,1475311.0,10128
284,Medinipur,West Bengal,M,149769.0,953.0,25.0,30.0,MEDIUM,149.0,138.0,0.7495473604993019,142730.0,63.0,1489500.0,9521
285,Nagaon,Assam,CT,148496.0,882.0,25.0,9.0,LOW,103.0,115.0,0.9452625264533244,130973.0,91.0,24720.0,8811
286,Sasaram,Bihar,CT,147396.0,918.0,26.0,32.0,HIGH,144.0,169.0,0.03604758717671541,135310.0,89.0,923737.0,9538
287,Hajipur,Bihar,CT,147688.0,926.0,27.0,25.0,LOW,124.0,133.0,0.4978463301016902,136239.0,96.0,923737.0,9991
288,Kumbakonam,Tamil Nadu,CT,140156.0,919.0,28.0,28.0,LOW,134.0,133.0,0.6788584757272464,128711.0,88.0,4684707.0,10283
289,Bongaigaon,Assam,CT,100826.0,911.0,29.0,6.0,MEDIUM,128.0,172.0,0.949643267448845,127221.0,55.0,24720.0,10557
290,Dehri,Bihar,CT,137231.0,907.0,25.0,31.0,HIGH,112.0,102.0,0.8883081048541243,124321.0,83.0,923737.0,9061
291,Siwan,Bihar,CT,182311.0,925.0,27.0,35.0,MEDIUM,128.0,200.0,0.9212761346144379,124374.0,87.0,923737.0,9980
292,Bettiah,Bihar,CT,132209.0,930.0,28.0,37.0,LOW,104.0,129.0,0.5694256726988633,123593.0,59.0,923737.0,10406
293,Ramgarh,Jharkhand,CT,132441.0,897.0,28.0,35.0,MEDIUM,127.0,153.0,0.6352643551408104,118800.0,51.0,167785.0,10036
294,Tinsukia,Assam,CT,126389.0,899.0,23.0,6.0,HIGH,102.0,137.0,0.3298866064978434,113624.0,52.0,24720.0,8263
295,Guntakal,Andhra Pradesh,CT,126270.0,928.0,29.0,37.0,MEDIUM,137.0,138.0,0.26227692767266964,117179.0,52.0,237854.0,10754
296,Srikakulam,Andhra Pradesh,CT,125939.0,885.0,23.0,26.0,HIGH,148.0,181.0,0.21771413259086625,111456.0,77.0,237854.0,8134
297,Motihari,Bihar,CT,125183.0,916.0,25.0,38.0,HIGH,150.0,145.0,0.1777675209701124,114668.0,67.0,923737.0,9151
298,Phagwara,Punjab,M.Corp,122302.0,872.0,24.0,35.0,MEDIUM,128.0,194.0,0.4961037407278821,106647.0,100.0,242367.0,8363
299,Dharmavaram,Andhra Pradesh,CT,121874.0,889.0,25.0,39.0,MEDIUM,112.0,129.0,0.6084283407095309,108346.0,96.0,237854.0,8881
300,Medininagar,Jharkhand,CT,120325.0,897.0,23.0,29.0,LOW,103.0,127.0,0.004921502152944401,107932.0,71.0,167785.0,8244
301,Gudivada,Andhra Pradesh,CT,118167.0,890.0,24.0,33.0,LOW,101.0,125.0,0.7355046617575739,105169.0,99.0,237854.0,8536
302,Phagwara,Punjab,CT,117966.0,874.0,27.0,33.0,HIGH,139.0,178.0,0.3867682755880981,103102.0,62.0,242367.0,9430
303,Hosur,Tamil Nadu,CT,116821.0,904.0,29.0,34.0,MEDIUM,142.0,182.0,0.847106798064998,105606.0,71.0,4684707.0,10476
304,Narasaraopet,Andhra Pradesh,CT,116250.0,902.0,26.0,28.0,LOW,134.0,184.0,0.4508572501324344,104858.0,90.0,237854.0,9372
305,Suryapet,Telangana,CT,115250.0,917.0,25.0,31.0,MEDIUM,144.0,150.0,0.7740832369957849,105684.0,58.0,126078.0,3148
306,Miryalaguda,Telangana,CT,109891.0,937.0,23.0,35.0,MEDIUM,140.0,110.0,0.02100040801027736,102968.0,54.0,126078.0,8612
307,Tadipatri,Andhra Pradesh,CT,108171.0,899.0,23.0,29.0,HIGH,116.0,178.0,0.6846813858784454,97246.0,52.0,237854.0,8263
308,Karaikudi,Tamil Nadu,CT,106714.0,916.0,26.0,36.0,HIGH,141.0,143.0,0.8969858549315026,97750.0,88.0,4684707.0,9517
309,Kishanganj,Bihar,CT,105782.0,922.0,24.0,32.0,MEDIUM,105.0,181.0,0.6627495617788541,97531.0,62.0,923737.0,8843
310,Jamalpur,Bihar,CT,105221.0,903.0,23.0,30.0,LOW,107.0,119.0,0.7805081556010546,95015.0,74.0,923737.0,8300
311,Ballia,Uttar Pradesh,CT,104271.0,869.0,28.0,38.0,HIGH,101.0,120.0,0.265044215522649,90611.0,84.0,3104060.0,4764
312,Kavali,Andhra Pradesh,CT,104000.0,895.0,24.0,26.0,MEDIUM,145.0,174.0,0.7940263373422541,93080.0,69.0,237854.0,8584
313,Tadepalligudem,Andhra Pradesh,CT,103906.0,879.0,29.0,37.0,HIGH,125.0,188.0,0.6508181410379221,91333.0,97.0,237854.0,10186
314,Amaravati,Andhra Pradesh,CT,103000.0,875.0,28.0,29.0,HIGH,120.0,169.0,0.5188600491796622,90125.0,80.0,237854.0,9790
315,Buxar,Bihar,CT,102591.0,916.0,27.0,29.0,HIGH,109.0,108.0,0.8160351949258918,93973.0,56.0,923737.0,9883
316,Tezpur,Assam,CT,102505.0,904.0,29.0,8.0,MEDIUM,104.0,110.0,0.5105824051730303,92665.0,60.0,24720.0,10476
317,Jehanabad,Bihar,CT,102456.0,919.0,28.0,33.0,MEDIUM,145.0,156.0,0.27021929972533,94157.0,51.0,923737.0,10283
318,Aurangabad,Bihar,CT,101520.0,903.0,25.0,31.0,MEDIUM,122.0,130.0,0.4306652845108647,91673.0,60.0,923737.0,27667
319,Gangtok,Sikkim,CT,100286.0,889.0,23.0,31.0,LOW,103.0,170.0,0.12044791307048353,89154.0,92.0,38479.0,8171
320,Tirur,Kerala,M,100058.0,963.0,29.0,36.0,MEDIUM,59.0,170.0,0.9575386788400921,96356.0,22.0,977479.0,2790
321,Port Blair,Andaman and Nicobar Islands,MCl,99984.0,876.0,29.0,31.0,HIGH,90.0,148.0,0.8528718996581349,87586.0,15.0,14674.0,2538
322,Lakhisarai,Bihar,NP,99979.0,901.0,28.0,32.0,MEDIUM,96.0,104.0,0.7040889442847489,90081.0,27.0,923737.0,2520
323,Panaji,Goa,UA,99677.0,982.0,30.0,29.0,MEDIUM,99.0,126.0,0.7301565350987353,97883.0,10.0,541480.0,2943
324,Tinsukia,Assam,MB,99448.0,915.0,25.0,8.0,MEDIUM,96.0,184.0,0.2643966230285628,90995.0,15.0,24720.0,2285
325,Itarsi,Madhya Pradesh,M,99329.0,923.0,27.0,33.0,LOW,96.0,178.0,0.7531537187696572,91681.0,16.0,421365.0,2490
326,Kohima,Nagaland,MC,99039.0,926.0,25.0,11.0,HIGH,92.0,109.0,0.9480553277633001,91710.0,13.0,2769.0,1531
327,Balangir,Odisha,M,98238.0,992.0,26.0,31.0,MEDIUM,99.0,108.0,0.8524931099892271,93031.0,27.0,66971.0,2676
328,Nawada,Bihar,N.Pd,98029.0,939.0,26.0,31.0,MEDIUM,75.0,172.0,0.7693725951379232,89402.0,20.0,923737.0,2551
329,Jharsuguda,Odisha,M,97730.0,1057.0,26.0,31.0,HIGH,56.0,153.0,0.48067007300123665,92844.0,14.0,66971.0,2276
330,Gadwal,Telangana,M,96877.0,972.0,26.0,31.0,MEDIUM,92.0,131.0,0.25136171539597185,89805.0,30.0,126078.0,2686
331,Jagtial,Telangana,M,96470.0,1005.0,26.0,31.0,HIGH,70.0,143.0,0.65264164166359,89910.0,13.0,126078.0,2797
332,Viluppuram,Tamil Nadu,M,96253.0,987.0,26.0,31.0,LOW,87.0,116.0,0.424913995736939,88264.0,30.0,4684707.0,8990
333,Amalner,Maharashtra,MCl,95994.0,881.0,28.0,35.0,MEDIUM,94.0,149.0,0.4775459470494109,84571.0,10.0,4408916.0,2464
334,Zirakpur,Punjab,MCl,95553.0,878.0,24.0,28.0,MEDIUM,53.0,141.0,0.6093820261564824,83896.0,30.0,242367.0,2105
335,Tanda,Uttar Pradesh,MB,95516.0,861.0,24.0,27.0,HIGH,56.0,176.0,0.7276412157297338,82239.0,14.0,3104060.0,2064
336,Tiruchengode,Tamil Nadu,M,95335.0,917.0,26.0,35.0,LOW,88.0,198.0,0.03967045442607853,87422.0,15.0,4684707.0,2382
337,Nagina,Uttar Pradesh,NPP,95246.0,872.0,24.0,37.0,HIGH,90.0,193.0,0.5049940591048765,83055.0,12.0,3104060.0,2091
338,Yemmiganur,Andhra Pradesh,M,95149.0,904.0,25.0,36.0,HIGH,52.0,193.0,0.6213723945116896,86015.0,27.0,237854.0,2258
339,Vaniyambadi,Tamil Nadu,M,95061.0,913.0,24.0,38.0,HIGH,84.0,166.0,0.1969652994788249,86791.0,28.0,4684707.0,2189
340,Sarni,Madhya Pradesh,M,95012.0,926.0,24.0,34.0,MEDIUM,83.0,173.0,0.33912043651595447,87981.0,16.0,421365.0,2220
341,Theni Allinagaram,Tamil Nadu,M,94453.0,923.0,23.0,40.0,HIGH,66.0,189.0,0.4259484077386425,87180.0,30.0,4684707.0,2121
342,Margao,Goa,UA,94383.0,973.0,31.0,33.0,HIGH,88.0,188.0,0.6540637430077699,91835.0,18.0,541480.0,3014
343,Akot,Maharashtra,MCl,92637.0,886.0,29.0,37.0,LOW,69.0,187.0,0.10821499168421234,82076.0,30.0,4408916.0,2567
344,Sehore,Madhya Pradesh,UA,92518.0,935.0,24.0,38.0,HIGH,70.0,118.0,0.39432108105215735,86504.0,30.0,421365.0,947
345,Mhow Cantonment,Madhya Pradesh,UA,92364.0,913.0,26.0,33.0,MEDIUM,97.0,121.0,0.07547211674462784,84328.0,25.0,421365.0,2372
346,Kot Kapura,Punjab,MCl,91979.0,871.0,29.0,28.0,LOW,83.0,125.0,0.5086080646090129,80114.0,17.0,242367.0,2523
347,Makrana,Rajasthan,UA,91853.0,865.0,26.0,30.0,MEDIUM,73.0,107.0,0.009398606889675643,79453.0,15.0,1475311.0,2247
348,Pandharpur,Maharashtra,MCl,91379.0,885.0,25.0,35.0,LOW,88.0,156.0,0.6235028993916439,80870.0,12.0,4408916.0,2210
349,Udhagamandalam,Tamil Nadu,M,88430.0,918.0,29.0,27.0,HIGH,62.0,178.0,0.028635292958821168,81179.0,16.0,4684707.0,2660
350,Shikohabad,Uttar Pradesh,MB,88161.0,871.0,26.0,35.0,HIGH,78.0,182.0,0.45691575365037784,76788.0,15.0,3104060.0,2262
351,Jhumri Tilaiya,Jharkhand,NP,87867.0,902.0,26.0,37.0,HIGH,52.0,147.0,0.9035487490063274,79256.0,23.0,167785.0,2343
352,Aruppukkottai,Tamil Nadu,M,87722.0,902.0,28.0,25.0,MEDIUM,91.0,103.0,0.2631130137036659,79125.0,23.0,4684707.0,2523
353,Ponnani,Kerala,M,87495.0,974.0,31.0,25.0,MEDIUM,63.0,182.0,0.13020802330820225,85220.0,24.0,977479.0,3017
354,Jamui,Bihar,NP,87357.0,909.0,27.0,26.0,LOW,80.0,158.0,0.36850973644238616,79408.0,18.0,923737.0,2452
355,Sitamarhi,Bihar,UA,87279.0,922.0,28.0,38.0,HIGH,67.0,197.0,0.7124902755938394,80471.0,29.0,923737.0,2579
356,Chirala,Andhra Pradesh,M,87200.0,896.0,28.0,34.0,HIGH,76.0,195.0,0.7694523862247499,78131.0,10.0,237854.0,2506
357,Anjar,Gujarat,M,87183.0,853.0,28.0,40.0,LOW,91.0,141.0,0.20660480196738928,74367.0,18.0,284973.0,2386
358,Karaikal,Puducherry,M,86838.0,1036.0,26.0,25.0,LOW,100.0,150.5082508250825,0.4988285623183961,89964.16799999999,13.0,106153.0,1222
359,Hansi,Haryana,MCl,86770.0,843.0,26.0,31.0,HIGH,87.0,150.5082508250825,0.4988285623183961,73147.11,18.0,303118.0,2190
360,Anakapalle,Andhra Pradesh,M,86519.0,924.0,23.0,37.0,LOW,68.0,150.5082508250825,0.4988285623183961,79943.55600000001,13.0,237854.0,2123
361,Mahasamund,Chhattisgarh,M,85650.0,961.0,23.0,38.0,MEDIUM,66.0,150.5082508250825,0.4988285623183961,82309.65000000001,16.0,6394.0,2208
362,Faridkot,Punjab,MCl,85435.0,894.0,27.0,37.0,HIGH,72.0,150.5082508250825,0.4988285623183961,76378.89,10.0,242367.0,1775
363,Saunda,Jharkhand,CT,85075.0,899.0,29.0,36.0,MEDIUM,88.0,150.5082508250825,0.4988285623183961,76482.425,27.0,167785.0,2605
364,Dhoraji,Gujarat,M,84545.0,864.0,23.0,30.0,LOW,70.0,150.5082508250825,0.4988285623183961,73046.88,14.0,284973.0,1985
365,Paramakudi,Tamil Nadu,M,84321.0,902.0,28.0,30.0,HIGH,61.0,150.5082508250825,0.4988285623183961,76057.542,18.0,4684707.0,2523
366,Balaghat,Madhya Pradesh,M,84261.0,928.0,23.0,27.0,HIGH,91.0,150.5082508250825,0.4988285623183961,78194.208,17.0,421365.0,472
367,Sujangarh,Rajasthan,M,83846.0,865.0,29.0,40.0,MEDIUM,91.0,150.5082508250825,0.4988285623183961,72526.79000000001,22.0,1475311.0,2506
368,Khambhat,Gujarat,M,83715.0,841.0,24.0,34.0,LOW,51.0,150.5082508250825,0.4988285623183961,70404.315,14.0,284973.0,2016
369,Muktsar,Punjab,MCl,83655.0,870.0,24.0,38.0,MEDIUM,60.0,150.5082508250825,0.4988285623183961,72779.85,15.0,242367.0,2086
370,Rajpura,Punjab,MCl,82956.0,883.0,28.0,34.0,HIGH,86.0,150.5082508250825,0.4988285623183961,73250.148,13.0,242367.0,2470
371,Kavali,Andhra Pradesh,M,82336.0,927.0,23.0,30.0,LOW,58.0,150.5082508250825,0.4988285623183961,76325.472,14.0,237854.0,2130
372,Dhamtari,Chhattisgarh,M,82111.0,963.0,26.0,29.0,HIGH,99.0,150.5082508250825,0.4988285623183961,79072.89300000001,26.0,6394.0,2502
373,Ashok Nagar,Madhya Pradesh,M,81828.0,918.0,25.0,36.0,LOW,75.0,150.5082508250825,0.4988285623183961,75118.104,28.0,421365.0,2293
374,Sardarshahar,Rajasthan,M,81394.0,861.0,23.0,31.0,LOW,90.0,150.5082508250825,0.4988285623183961,70080.23400000001,11.0,1475311.0,1978
375,Bargarh,Odisha,M,80625.0,953.0,26.0,39.0,HIGH,55.0,150.5082508250825,0.4988285623183961,76835.625,23.0,66971.0,4038
376,Kamareddy,Telangana,M,80315.0,938.0,26.0,33.0,LOW,57.0,150.5082508250825,0.4988285623183961,75335.47,16.0,126078.0,2820
377,Sahibganj,Jharkhand,M,80154.0,891.0,25.0,36.0,HIGH,57.0,150.5082508250825,0.4988285623183961,71417.21399999999,25.0,167785.0,2225
378,Cooch Behar,West Bengal,M,79885.0,945.0,27.0,35.0,MEDIUM,50.0,150.5082508250825,0.4988285623183961,75491.32500000001,20.0,1489500.0,4025
379,Kothagudem,Telangana,M,79819.0,926.0,23.0,35.0,LOW,63.0,150.5082508250825,0.4988285623183961,73912.394,30.0,126078.0,2128
380,Ramanagaram,Karnataka,CMC,79394.0,931.0,24.0,29.0,LOW,92.0,150.5082508250825,0.4988285623183961,73915.814,29.0,636502.0,2232
381,Gokak,Karnataka,CMC,79121.0,946.0,29.0,28.0,LOW,89.0,150.5082508250825,0.4988285623183961,74848.466,18.0,636502.0,2741
382,Tikamgarh,Madhya Pradesh,M,79106.0,925.0,25.0,28.0,LOW,86.0,150.5082508250825,0.4988285623183961,73173.04999999999,15.0,421365.0,525
383,Araria,Bihar,NP,79021.0,921.0,24.0,30.0,MEDIUM,100.0,150.5082508250825,0.4988285623183961,72778.341,17.0,923737.0,2208
384,Rishikesh,Uttarakhand,UA,78805.0,835.0,23.0,11.0,LOW,85.0,150.5082508250825,0.4988285623183961,65802.175,13.0,105882.0,1919
385,Shahdol,Madhya Pradesh,M,78624.0,923.0,26.0,31.0,MEDIUM,73.0,150.5082508250825,0.4988285623183961,72569.95199999999,26.0,421365.0,779
386,Medininagar (Daltonganj),Jharkhand,NP,78396.0,897.0,23.0,31.0,HIGH,99.0,150.5082508250825,0.4988285623183961,70321.212,26.0,167785.0,2061
387,Arakkonam,Tamil Nadu,M,78395.0,902.0,24.0,31.0,LOW,75.0,150.5082508250825,0.4988285623183961,70712.29,27.0,4684707.0,2163
388,Washim,Maharashtra,MCl,78387.0,871.0,25.0,33.0,HIGH,69.0,150.5082508250825,0.4988285623183961,68275.077,12.0,4408916.0,2175
389,Sangrur,Punjab,MCl,77989.0,872.0,25.0,28.0,MEDIUM,96.0,150.5082508250825,0.4988285623183961,68006.40800000001,13.0,242367.0,2600
390,Bodhan,Telangana,M,77553.0,933.0,28.0,25.0,HIGH,94.0,150.5082508250825,0.4988285623183961,72356.949,30.0,126078.0,2610
391,Fazilka,Punjab,MCl,76492.0,874.0,23.0,39.0,MEDIUM,77.0,150.5082508250825,0.4988285623183961,66854.008,22.0,242367.0,1277
392,Keshod,Gujarat,M,76193.0,841.0,26.0,29.0,HIGH,85.0,150.5082508250825,0.4988285623183961,64078.312999999995,27.0,284973.0,2184
393,Chintamani,Karnataka,CMC,76068.0,952.0,28.0,40.0,MEDIUM,70.0,150.5082508250825,0.4988285623183961,72416.736,15.0,636502.0,2663
394,Sullurpeta,Andhra Pradesh,M,75925.0,912.0,24.0,38.0,LOW,56.0,150.5082508250825,0.4988285623183961,69243.59999999999,27.0,237854.0,2187
395,Wadhwan,Gujarat,M,75755.0,851.0,26.0,26.0,LOW,93.0,150.5082508250825,0.4988285623183961,64467.505,17.0,284973.0,2210
396,Gurdaspur,Punjab,MCl,75549.0,881.0,25.0,30.0,LOW,75.0,150.5082508250825,0.4988285623183961,66558.66900000001,10.0,242367.0,3598
397,Vatakara,Kerala,M,75295.0,971.0,28.0,26.0,MEDIUM,53.0,150.5082508250825,0.4988285623183961,73111.445,26.0,977479.0,2716
398,Tura,Meghalaya,M,74858.0,991.0,29.0,7.0,LOW,54.0,150.5082508250825,0.4988285623183961,74184.278,26.0,8027.0,2871
399,Narnaul,Haryana,MCl,74581.0,843.0,23.0,36.0,LOW,61.0,150.5082508250825,0.4988285623183961,62871.783,22.0,303118.0,1937
400,Kharar,Punjab,MCl,74460.0,872.0,28.0,33.0,MEDIUM,50.0,150.5082508250825,0.4988285623183961,64929.119999999995,14.0,242367.0,2439
401,Yadgir,Karnataka,CMC,74294.0,945.0,27.0,28.0,LOW,97.0,150.5082508250825,0.4988285623183961,70207.83,16.0,636502.0,2549
402,Ambejogai,Maharashtra,MCl,73975.0,880.0,27.0,27.0,MEDIUM,65.0,150.5082508250825,0.4988285623183961,65097.99999999999,22.0,4408916.0,2374
403,Ankleshwar,Gujarat,M,73928.0,849.0,28.0,35.0,HIGH,92.0,150.5082508250825,0.4988285623183961,62764.871999999996,10.0,284973.0,2375
404,Savarkundla,Gujarat,M,73774.0,860.0,25.0,38.0,LOW,91.0,150.5082508250825,0.4988285623183961,63445.64,11.0,284973.0,2148
405,Paradip,Odisha,NAC,73625.0,949.0,25.0,30.0,HIGH,96.0,150.5082508250825,0.4988285623183961,69870.125,29.0,66971.0,2370
406,Virudhachalam,Tamil Nadu,M,73585.0,923.0,28.0,26.0,LOW,75.0,150.5082508250825,0.4988285623183961,67918.95499999999,13.0,4684707.0,2582
407,Taliparamba,Kerala,M,72465.0,966.0,30.0,25.0,LOW,88.0,150.5082508250825,0.4988285623183961,70001.19,26.0,977479.0,2895
408,Manmad,Maharashtra,MCl,72401.0,890.0,28.0,40.0,LOW,84.0,150.5082508250825,0.4988285623183961,64436.89,11.0,4408916.0,2490
409,Tanuku,Andhra Pradesh,M,72348.0,905.0,26.0,31.0,MEDIUM,98.0,150.5082508250825,0.4988285623183961,65474.94,18.0,237854.0,2351
410,Rayachoti,Andhra Pradesh,CT,72297.0,914.0,24.0,33.0,HIGH,76.0,150.5082508250825,0.4988285623183961,66079.458,24.0,237854.0,2192
411,Virudhunagar,Tamil Nadu,M,72296.0,902.0,27.0,35.0,LOW,74.0,150.5082508250825,0.4988285623183961,65210.992000000006,22.0,4684707.0,13576
412,Koyilandy,Kerala,M,71873.0,967.0,31.0,36.0,LOW,100.0,150.5082508250825,0.4988285623183961,69501.191,18.0,977479.0,2995
413,Jorhat,Assam,MB,71782.0,916.0,27.0,5.0,HIGH,100.0,150.5082508250825,0.4988285623183961,65752.31199999999,23.0,24720.0,2471
414,Karur,Tamil Nadu,M,70980.0,920.0,24.0,37.0,LOW,82.0,150.5082508250825,0.4988285623183961,65301.600000000006,26.0,4684707.0,2053
415,Valparai,Tamil Nadu,M,70859.0,911.0,24.0,40.0,LOW,74.0,150.5082508250825,0.4988285623183961,64552.54899999999,16.0,4684707.0,2184
416,Srikalahasti,Andhra Pradesh,M,70854.0,905.0,27.0,35.0,HIGH,77.0,150.5082508250825,0.4988285623183961,64122.87,15.0,237854.0,2441
417,Neyyattinkara,Kerala,M,70850.0,972.0,30.0,35.0,HIGH,53.0,150.5082508250825,0.4988285623183961,68866.2,20.0,977479.0,2913
418,Bapatla,Andhra Pradesh,M,70777.0,889.0,29.0,38.0,MEDIUM,100.0,150.5082508250825,0.4988285623183961,62920.753000000004,19.0,237854.0,2576
419,Fatehabad,Haryana,M Cl,70777.0,828.0,23.0,36.0,LOW,93.0,150.5082508250825,0.4988285623183961,58603.356,24.0,303118.0,1902
420,Malout,Punjab,MCl,70765.0,884.0,23.0,31.0,LOW,64.0,150.5082508250825,0.4988285623183961,62556.26,24.0,242367.0,2031
421,Sankarankovil,Tamil Nadu,M,70574.0,916.0,28.0,25.0,HIGH,90.0,150.5082508250825,0.4988285623183961,64645.784,28.0,4684707.0,2562
422,Tenkasi,Tamil Nadu,M,70545.0,921.0,26.0,33.0,LOW,63.0,150.5082508250825,0.4988285623183961,64971.945,30.0,4684707.0,6092
423,Ratnagiri,Maharashtra,MCl,70383.0,873.0,27.0,26.0,LOW,62.0,150.5082508250825,0.4988285623183961,61444.359,28.0,4408916.0,2355
424,Rabkavi Banhatti,Karnataka,CMC,70248.0,930.0,24.0,30.0,LOW,71.0,150.5082508250825,0.4988285623183961,65330.64000000001,12.0,636502.0,2230
425,Sikandrabad,Uttar Pradesh,MB,69867.0,875.0,25.0,34.0,LOW,74.0,150.5082508250825,0.4988285623183961,61133.62500000001,25.0,3104060.0,2185
426,Chaibasa,Jharkhand,NPP,69565.0,910.0,28.0,38.0,HIGH,89.0,150.5082508250825,0.4988285623183961,63304.15,10.0,167785.0,2546
427,Chirmiri,Chhattisgarh,M.Corp,69307.0,957.0,26.0,40.0,LOW,93.0,150.5082508250825,0.4988285623183961,66326.799,14.0,6394.0,2486
428,Palwancha,Telangana,M,69088.0,927.0,25.0,35.0,HIGH,74.0,150.5082508250825,0.4988285623183961,64044.575999999994,15.0,126078.0,2315
429,Bhawanipatna,Odisha,M,69045.0,940.0,28.0,30.0,HIGH,62.0,150.5082508250825,0.4988285623183961,64902.3,13.0,66971.0,2630
430,Kayamkulam,Kerala,M,68634.0,973.0,30.0,26.0,MEDIUM,74.0,150.5082508250825,0.4988285623183961,66780.882,27.0,977479.0,2916
431,Pithampur,Madhya Pradesh,NP,68080.0,923.0,29.0,30.0,HIGH,81.0,150.5082508250825,0.4988285623183961,62837.84,29.0,421365.0,2674
432,Nabha,Punjab,MCl,67972.0,887.0,29.0,25.0,HIGH,81.0,150.5082508250825,0.4988285623183961,60291.164,10.0,242367.0,2570
433,"Shahabad, Hardoi",Uttar Pradesh,MB,67751.0,883.0,23.0,34.0,LOW,66.0,150.5082508250825,0.4988285623183961,59824.133,13.0,3104060.0,2029
434,Dhenkanal,Odisha,M,67414.0,955.0,25.0,27.0,MEDIUM,61.0,150.5082508250825,0.4988285623183961,64380.37,22.0,66971.0,2398
435,Uran Islampur,Maharashtra,MCl,67391.0,892.0,28.0,26.0,MEDIUM,71.0,150.5082508250825,0.4988285623183961,60112.772000000004,16.0,4408916.0,2495
436,Gopalganj,Bihar,NP,67339.0,922.0,23.0,38.0,LOW,63.0,150.5082508250825,0.4988285623183961,62086.558,11.0,923737.0,2119
437,Bongaigaon City,Assam,MB,67322.0,891.0,27.0,10.0,LOW,58.0,150.5082508250825,0.4988285623183961,59983.902,14.0,24720.0,2403
438,Palani,Tamil Nadu,M,67231.0,906.0,27.0,25.0,LOW,70.0,150.5082508250825,0.4988285623183961,60911.28599999999,23.0,4684707.0,2444
439,Pusad,Maharashtra,MCl,67116.0,883.0,27.0,29.0,HIGH,51.0,150.5082508250825,0.4988285623183961,59263.428,30.0,4408916.0,2382
440,Sopore,Jammu and Kashmir,UA,66963.0,906.0,28.0,15.0,HIGH,93.0,150.5082508250825,0.4988285623183961,60668.477999999996,27.0,58568.0,2534
441,Pilkhuwa,Uttar Pradesh,MB,66907.0,863.0,23.0,28.0,MEDIUM,54.0,150.5082508250825,0.4988285623183961,57740.740999999995,17.0,3104060.0,1983
442,Tarn Taran,Punjab,MCl,66847.0,887.0,25.0,25.0,MEDIUM,72.0,150.5082508250825,0.4988285623183961,59293.289,23.0,242367.0,1103
443,Renukoot,Uttar Pradesh,UA,66597.0,880.0,26.0,34.0,LOW,88.0,150.5082508250825,0.4988285623183961,58605.35999999999,28.0,3104060.0,2286
444,Mandamarri,Telangana,M,66596.0,926.0,25.0,33.0,MEDIUM,86.0,150.5082508250825,0.4988285623183961,61667.896,24.0,126078.0,2313
445,Shahabad,Karnataka,UA,66550.0,932.0,28.0,25.0,MEDIUM,89.0,150.5082508250825,0.4988285623183961,62024.6,10.0,636502.0,2607
446,Barbil,Odisha,M,66540.0,959.0,27.0,39.0,HIGH,99.0,150.5082508250825,0.4988285623183961,63811.86000000001,17.0,66971.0,2587
447,Koratla,Telangana,M,66504.0,932.0,27.0,29.0,MEDIUM,67.0,150.5082508250825,0.4988285623183961,61981.728,14.0,126078.0,2514
448,Madhubani,Bihar,M,66340.0,924.0,28.0,37.0,MEDIUM,91.0,150.5082508250825,0.4988285623183961,61298.16,22.0,923737.0,2585
449,Arambagh,West Bengal,M,66175.0,948.0,29.0,37.0,MEDIUM,79.0,150.5082508250825,0.4988285623183961,62733.899999999994,12.0,1489500.0,2747
450,Puliyankudi,Tamil Nadu,M,66000.0,910.0,25.0,36.0,LOW,65.0,150.5082508250825,0.4988285623183961,60060.0,23.0,4684707.0,2273
451,Gohana,Haryana,MC,65708.0,843.0,27.0,34.0,MEDIUM,59.0,150.5082508250825,0.4988285623183961,55391.844,21.0,303118.0,2274
452,Ladnu,Rajasthan,M,65575.0,862.0,24.0,30.0,HIGH,82.0,150.5082508250825,0.4988285623183961,56525.65,19.0,1475311.0,2067
453,Pattukkottai,Tamil Nadu,M,65533.0,916.0,24.0,27.0,MEDIUM,61.0,150.5082508250825,0.4988285623183961,60028.228,26.0,4684707.0,2196
454,Sirsi,Karnataka,UA,65335.0,952.0,27.0,30.0,MEDIUM,56.0,150.5082508250825,0.4988285623183961,62198.91999999999,27.0,636502.0,2568
455,Sircilla,Telangana,M,65314.0,935.0,24.0,30.0,MEDIUM,75.0,150.5082508250825,0.4988285623183961,61068.59,13.0,126078.0,2242
456,Tamluk,West Bengal,M,65306.0,946.0,25.0,26.0,LOW,97.0,150.5082508250825,0.4988285623183961,61779.475999999995,26.0,1489500.0,2363
457,Jagraon,Punjab,MCl,65240.0,899.0,27.0,29.0,HIGH,79.0,150.5082508250825,0.4988285623183961,58650.759999999995,11.0,242367.0,2425
458,Alirajpur,Madhya Pradesh,M,65232.0,930.0,25.0,25.0,MEDIUM,98.0,150.5082508250825,0.4988285623183961,60665.76,21.0,421365.0,2323
459,Alipurduar,West Bengal,M,65232.0,957.0,27.0,29.0,LOW,62.0,150.5082508250825,0.4988285623183961,62427.024,13.0,1489500.0,3076
460,Tandur,Telangana,M,65115.0,924.0,29.0,28.0,MEDIUM,54.0,150.5082508250825,0.4988285623183961,60166.259999999995,26.0,126078.0,2677
461,Naidupet,Andhra Pradesh,M,65000.0,902.0,23.0,36.0,LOW,85.0,150.5082508250825,0.4988285623183961,58630.0,23.0,237854.0,2073
462,Tiruppur,Tamil Nadu,UA,64725.0,911.0,23.0,31.0,LOW,65.0,143.0,0.43558892227907553,58964.0,14.0,4684707.0,4066
463,Tirupathur,Tamil Nadu,M,64125.0,922.0,25.0,33.0,HIGH,82.0,105.0,0.5073631387699299,59123.0,10.0,4684707.0,3506
464,Tohana,Haryana,MC,63871.0,842.0,28.0,34.0,MEDIUM,68.0,152.0,0.19366687035402674,53779.0,23.0,303118.0,2355
465,Chikkaballapur,Karnataka,CMC,63652.0,934.0,24.0,38.0,LOW,61.0,159.0,0.04815377138356658,59451.0,11.0,636502.0,2240
466,Ratangarh,Rajasthan,M,63486.0,855.0,29.0,32.0,HIGH,58.0,154.0,0.21072251795403452,54281.0,27.0,1475311.0,2477
467,Dhubri,Assam,MB,63388.0,888.0,24.0,9.0,MEDIUM,89.0,130.0,0.09651362357860926,56289.0,15.0,24720.0,2129
468,Masaurhi,Bihar,N.Pd,63248.0,928.0,24.0,25.0,LOW,72.0,175.0,0.6986580171744073,58694.0,29.0,923737.0,2225
469,Visnagar,Gujarat,M,63073.0,843.0,26.0,26.0,MEDIUM,67.0,148.0,0.3290437346828593,53171.0,15.0,284973.0,2190
470,Vrindavan,Uttar Pradesh,MB,63005.0,865.0,24.0,35.0,HIGH,80.0,109.0,0.9389646122396365,54499.0,26.0,3104060.0,2074
471,Nokha,Rajasthan,M,62699.0,872.0,29.0,31.0,LOW,52.0,156.0,0.27504460220567206,54674.0,29.0,1475311.0,2526
472,Nagari,Andhra Pradesh,M,62253.0,913.0,23.0,32.0,HIGH,65.0,118.0,0.9139428390921303,56837.0,24.0,237854.0,2098
473,Chidambaram,Tamil Nadu,T,62153.0,907.0,29.0,34.0,LOW,74.0,143.0,0.4389866499734172,56373.0,13.0,4684707.0,2628
474,Narwana,Haryana,MCl,62090.0,829.0,29.0,35.0,LOW,79.0,148.0,0.23788143482288682,51473.0,19.0,303118.0,2402
475,Ramanathapuram,Tamil Nadu,M,62050.0,920.0,26.0,30.0,MEDIUM,62.0,148.0,0.16549632347048537,57086.0,10.0,4684707.0,5132
476,Ujhani,Uttar Pradesh,NPP,62039.0,865.0,25.0,39.0,HIGH,70.0,110.0,0.7179555853383478,53664.0,16.0,3104060.0,2160
477,Samastipur,Bihar,UA,61998.0,914.0,26.0,35.0,HIGH,65.0,199.0,0.697652842578673,56666.0,12.0,923737.0,2374
478,Laharpur,Uttar Pradesh,NPP,61990.0,886.0,27.0,30.0,MEDIUM,65.0,164.0,0.8690222934728967,54923.0,13.0,3104060.0,2390
479,Sangamner,Maharashtra,MCl,61958.0,884.0,29.0,26.0,LOW,52.0,186.0,0.7940479022624629,54771.0,26.0,4408916.0,2561
480,Nimbahera,Rajasthan,M,61949.0,871.0,28.0,26.0,LOW,95.0,199.0,0.7786541018653481,53958.0,29.0,1475311.0,2436
481,Siddipet,Telangana,M,61809.0,926.0,27.0,36.0,LOW,57.0,162.0,0.23473135884642726,57235.0,11.0,126078.0,3151
482,Suri,West Bengal,M,61806.0,949.0,29.0,40.0,LOW,85.0,149.0,0.19196520534520944,58654.0,22.0,1489500.0,2750
483,Diphu,Assam,TC,61797.0,889.0,29.0,7.0,HIGH,95.0,124.0,0.08614289175734613,54938.0,26.0,24720.0,2576
484,Jhargram,West Bengal,M,61712.0,946.0,27.0,27.0,HIGH,75.0,179.0,0.6580507163968787,58380.0,20.0,1489500.0,334
485,Shirpur-Warwade,Maharashtra,MCl,61694.0,872.0,28.0,28.0,MEDIUM,87.0,155.0,0.9460335500386983,53797.0,14.0,4408916.0,2439
486,Thrippunithura,Kerala,M,61632.0,968.0,30.0,37.0,HIGH,98.0,188.0,0.7468291045718116,59660.0,10.0,977479.0,2901
487,Thrissur,Kerala,M,61632.0,967.0,32.0,30.0,HIGH,53.0,167.0,0.900663223567237,59598.0,13.0,977479.0,3092
488,Tilhar,Uttar Pradesh,NPP,61444.0,872.0,27.0,28.0,MEDIUM,65.0,197.0,0.21642732476840776,53579.0,11.0,3104060.0,2352
489,Sindhnur,Karnataka,TMC,61262.0,934.0,29.0,26.0,HIGH,74.0,106.0,0.3910899078255957,57219.0,13.0,636502.0,2706
490,Udumalaipettai,Tamil Nadu,M,61133.0,914.0,25.0,32.0,LOW,83.0,138.0,0.13430561748769354,55876.0,29.0,4684707.0,2283
491,Malkapur,Maharashtra,MCl,61012.0,890.0,28.0,37.0,LOW,53.0,145.0,0.25191587305555363,54301.0,22.0,4408916.0,2490
492,Vinukonda,Andhra Pradesh,M,59725.0,874.0,28.0,26.0,HIGH,54.0,107.0,0.7649816334233968,52200.0,19.0,237854.0,2445
493,Mandideep,Madhya Pradesh,M,59654.0,923.0,24.0,29.0,MEDIUM,85.0,197.0,0.8018808433890716,55061.0,21.0,421365.0,2213
494,Tiptur,Karnataka,CMC,59543.0,921.0,26.0,27.0,MEDIUM,86.0,176.0,0.31019972021119613,54839.0,19.0,636502.0,2392
495,Gobichettipalayam,Tamil Nadu,M,59523.0,903.0,24.0,34.0,LOW,66.0,109.0,0.7260072058990578,53749.0,26.0,4684707.0,2165
496,Dhone,Andhra Pradesh,M,59272.0,898.0,28.0,38.0,LOW,57.0,133.0,0.7954944650355991,53226.0,29.0,237854.0,2512
497,Sunabeda,Odisha,NAC,58884.0,955.0,25.0,37.0,HIGH,91.0,188.0,0.7375349553856232,56234.0,30.0,66971.0,2385
498,Wani,Maharashtra,MCl,58840.0,874.0,24.0,38.0,MEDIUM,77.0,172.0,0.2647268337252038,51426.0,22.0,4408916.0,2096
499,Upleta,Gujarat,M,58775.0,845.0,29.0,40.0,HIGH,72.0,123.0,0.8747306936151872,49665.0,30.0,284973.0,2448
500,Narasapuram,Andhra Pradesh,M,58770.0,920.0,23.0,35.0,MEDIUM,52.0,159.0,0.7562970911469483,54068.0,14.0,237854.0,2114
501,Nuzvid,Andhra Pradesh,M,58590.0,926.0,24.0,35.0,HIGH,73.0,194.0,0.10870258108293163,54254.0,24.0,237854.0,2220
502,Tezpur,Assam,MB,58559.0,901.0,25.0,8.0,MEDIUM,94.0,159.0,0.022317482171693048,52762.0,10.0,24720.0,2250
503,Una,Gujarat,M,58528.0,863.0,24.0,36.0,HIGH,93.0,162.0,0.9585294421690641,50510.0,10.0,284973.0,2069
504,Markapur,Andhra Pradesh,M,58462.0,907.0,25.0,27.0,HIGH,96.0,125.0,0.2800875791762545,53025.0,14.0,237854.0,2265
505,Sheopur,Madhya Pradesh,UA,58342.0,922.0,24.0,31.0,LOW,57.0,165.0,0.5753623575225442,53791.0,26.0,421365.0,2211
506,Thiruvarur,Tamil Nadu,M,58301.0,901.0,24.0,29.0,LOW,83.0,116.0,0.09842301241959861,52529.0,19.0,4684707.0,4816
507,Sidhpur,Gujarat,UA,58194.0,847.0,23.0,40.0,HIGH,89.0,188.0,0.0835198290185859,49290.0,21.0,284973.0,1946
508,Sahaswan,Uttar Pradesh,MB,58184.0,884.0,27.0,27.0,MEDIUM,64.0,174.0,0.4067746496458754,51435.0,10.0,3104060.0,2384
509,Suratgarh,Rajasthan,M,58119.0,859.0,23.0,37.0,LOW,59.0,144.0,0.10581063784208022,49924.0,12.0,1475311.0,1974
510,Shajapur,Madhya Pradesh,UA,57818.0,924.0,29.0,28.0,LOW,74.0,126.0,0.6174647539854026,53424.0,20.0,421365.0,2677
511,Rayagada,Odisha,M,57759.0,961.0,23.0,34.0,HIGH,64.0,148.0,0.6468968022582289,55506.0,12.0,66971.0,2208
512,Lonavla,Maharashtra,MCl,57698.0,887.0,28.0,40.0,MEDIUM,65.0,134.0,0.7340805106325629,51178.0,26.0,4408916.0,2481
513,Ponnur,Andhra Pradesh,M,57640.0,918.0,28.0,25.0,MEDIUM,99.0,114.0,0.5490310315783796,52914.0,22.0,237854.0,2568
514,Kagaznagar,Telangana,M,57583.0,923.0,29.0,28.0,HIGH,85.0,128.0,0.7463326829352913,53149.0,30.0,126078.0,2674
515,Bhatapara,Chhattisgarh,M,57537.0,956.0,23.0,32.0,MEDIUM,68.0,186.0,0.9559740524598782,55005.0,16.0,6394.0,2197
516,Kandukur,Andhra Pradesh,M,57246.0,891.0,26.0,28.0,MEDIUM,82.0,161.0,0.037570063178549384,51006.0,24.0,237854.0,2314
517,Sangareddy,Telangana,M,57113.0,932.0,24.0,30.0,MEDIUM,53.0,110.0,0.9446227392995867,53229.0,20.0,126078.0,4023
518,Unjha,Gujarat,M,57108.0,871.0,29.0,29.0,HIGH,70.0,135.0,0.6860890811505844,49741.0,26.0,284973.0,2523
519,Lunglei,Mizoram,NT,57011.0,969.0,25.0,8.0,HIGH,74.0,171.0,0.690956595835591,55244.0,21.0,798.0,2420
520,Karimganj,Assam,MB,56854.0,900.0,23.0,11.0,MEDIUM,72.0,127.0,0.7617937989945784,51169.0,11.0,24720.0,2068
521,Kannur,Kerala,M,56823.0,974.0,29.0,28.0,LOW,93.0,124.0,0.6765378622925294,55346.0,30.0,977479.0,2822
522,Bobbili,Andhra Pradesh,M,56819.0,894.0,23.0,34.0,HIGH,81.0,107.0,0.27130671963608655,50796.0,29.0,237854.0,2054
523,Mokameh,Bihar,M,56615.0,924.0,23.0,25.0,HIGH,55.0,185.0,0.3583168259862667,52312.0,18.0,923737.0,2123
524,Talegaon Dabhade,Maharashtra,MCl,56435.0,872.0,25.0,27.0,LOW,85.0,152.0,0.6727464153467847,49211.0,16.0,4408916.0,2178
525,Anjangaon,Maharashtra,MCl,56380.0,881.0,26.0,31.0,LOW,68.0,142.0,0.47535527748215156,49671.0,22.0,4408916.0,2288
526,Mangrol,Gujarat,UA,56320.0,864.0,25.0,39.0,MEDIUM,95.0,116.0,0.15031884043309773,48660.0,19.0,284973.0,2158
527,Sunam,Punjab,UA,56251.0,886.0,28.0,27.0,MEDIUM,90.0,168.0,0.009818440014390473,49838.0,21.0,242367.0,2478
528,Gangarampur,West Bengal,M,56175.0,955.0,29.0,32.0,LOW,98.0,118.0,0.9683416668416451,53647.0,28.0,1489500.0,2767
529,Thiruvallur,Tamil Nadu,M,56074.0,913.0,24.0,39.0,MEDIUM,59.0,174.0,0.6442000389057605,51196.0,26.0,4684707.0,27416
530,Pithoragarh,Uttarakhand,NPP,56044.0,851.0,28.0,13.0,HIGH,98.0,159.0,0.6150712459947417,47693.0,20.0,105882.0,528
531,Rath,Uttar Pradesh,MB,55950.0,873.0,23.0,26.0,LOW,76.0,127.0,0.5177147750312389,48844.0,25.0,3104060.0,2006
532,Jatani,Odisha,M,55925.0,939.0,25.0,38.0,MEDIUM,90.0,149.0,0.6771102797624621,52514.0,20.0,66971.0,2345
533,Bellampalle,Telangana,M,55841.0,928.0,25.0,30.0,HIGH,65.0,186.0,0.6820229236976305,51820.0,21.0,126078.0,2318
534,Viramgam,Gujarat,M,55821.0,845.0,28.0,27.0,HIGH,98.0,101.0,0.8667821714936723,47169.0,26.0,284973.0,2364
535,Rajsamand,Rajasthan,M,55687.0,870.0,27.0,30.0,LOW,92.0,199.0,0.5076904250523937,48448.0,22.0,1475311.0,2347
536,Yanam,Puducherry,M,55626.0,1023.0,23.0,40.0,LOW,89.0,133.0,0.8928086201323756,56905.398,42.0,106153.0,2351
537,Kottayam,Kerala,M,55374.0,965.0,29.0,37.0,HIGH,53.0,184.0,0.33750572716709737,53436.0,24.0,977479.0,2796
538,Panruti,Tamil Nadu,M,55346.0,916.0,29.0,40.0,HIGH,71.0,181.0,0.5144050262311449,50697.0,18.0,4684707.0,2654
539,Dhuri,Punjab,MCl,55225.0,880.0,25.0,31.0,LOW,76.0,172.0,0.8480006022932189,48598.0,28.0,242367.0,2198
540,Challakere,Karnataka,CMC,55194.0,939.0,24.0,32.0,MEDIUM,71.0,198.0,0.25525858030279436,51827.0,13.0,636502.0,2252
541,Namakkal,Tamil Nadu,M,55145.0,904.0,23.0,29.0,HIGH,82.0,177.0,0.6043409456085584,49851.0,16.0,4684707.0,3004
542,Ramnagar,Uttarakhand,NPP,54787.0,833.0,28.0,12.0,MEDIUM,97.0,158.0,0.43488936343206663,45638.0,24.0,105882.0,2330
543,Sidhi,Madhya Pradesh,M,54331.0,927.0,25.0,33.0,HIGH,79.0,195.0,0.12980840395044746,50365.0,17.0,421365.0,2315
544,Kasaragod,Kerala,M,54172.0,976.0,29.0,25.0,HIGH,92.0,118.0,0.19476306855431136,52872.0,26.0,977479.0,2828
545,Modasa,Gujarat,M,54135.0,842.0,26.0,32.0,HIGH,78.0,129.0,0.5674131813513212,45582.0,30.0,284973.0,2187
546,Rayadurg,Andhra Pradesh,M,54125.0,928.0,26.0,25.0,HIGH,68.0,138.0,0.5887201905124538,50228.0,19.0,237854.0,2411
547,Supaul,Bihar,M,54085.0,900.0,25.0,27.0,HIGH,52.0,121.0,0.75506633629619,48677.0,28.0,923737.0,2248
548,Kunnamkulam,Kerala,M,54071.0,968.0,29.0,40.0,LOW,92.0,101.0,0.9175714977256095,52341.0,11.0,977479.0,2805
549,Umred,Maharashtra,MCl,53971.0,876.0,23.0,30.0,MEDIUM,99.0,115.0,0.21613014066917302,47279.0,22.0,4408916.0,2013
550,Sibsagar,Assam,MB,53854.0,899.0,29.0,10.0,MEDIUM,62.0,163.0,0.04373649314685746,48415.0,30.0,24720.0,2605
551,Mandi Dabwali,Haryana,MC,53811.0,832.0,26.0,27.0,MEDIUM,76.0,173.0,0.6244824075744831,44771.0,29.0,303118.0,2161
552,Ottappalam,Kerala,M,53792.0,963.0,31.0,26.0,HIGH,77.0,182.0,0.08578335287477035,51802.0,18.0,977479.0,2983
553,Dumraon,Bihar,NAC,53618.0,902.0,28.0,27.0,HIGH,79.0,165.0,0.6871445302447323,48363.0,17.0,923737.0,2523
554,Samalkot,Andhra Pradesh,M,53602.0,909.0,28.0,27.0,MEDIUM,99.0,188.0,0.3100866388660227,48724.0,18.0,237854.0,2543
555,Jaggaiahpet,Andhra Pradesh,M,53530.0,1021.0,26.0,31.0,MEDIUM,88.0,121.0,0.018629651444144413,47213.0,19.0,237854.0,2203
556,Goalpara,Assam,MB,53430.0,964.0,26.0,31.0,MEDIUM,62.0,121.0,0.40891095402465083,48408.0,10.0,24720.0,2172
557,Tuni,Andhra Pradesh,M,53425.0,875.0,29.0,38.0,MEDIUM,91.0,185.0,0.7949951345864044,46747.0,17.0,237854.0,2535
558,Lachhmangarh,Rajasthan,M,53392.0,849.0,29.0,36.0,MEDIUM,50.0,194.0,0.8947324665569208,45330.0,27.0,1475311.0,2460
559,Bhongir,Telangana,M,53339.0,928.0,29.0,31.0,LOW,60.0,185.0,0.36970230373882185,49499.0,25.0,126078.0,2689
560,Amalapuram,Andhra Pradesh,M,53231.0,874.0,26.0,38.0,HIGH,67.0,188.0,0.7608459425130987,46524.0,30.0,237854.0,2270
561,Firozpur Cantt.,Punjab,CB,53199.0,885.0,29.0,39.0,MEDIUM,67.0,150.0,0.7040520293885542,47081.0,22.0,242367.0,2564
562,Vikarabad,Telangana,M,53143.0,927.0,29.0,27.0,HIGH,67.0,147.0,0.715420848309961,49264.0,13.0,126078.0,891
563,Manglaur,Uttarakhand,NPP,52971.0,833.0,24.0,15.0,MEDIUM,95.0,157.0,0.17767270140409497,44125.0,19.0,105882.0,1997
564,Thiruvalla,Kerala,M,52883.0,973.0,29.0,26.0,HIGH,85.0,116.0,0.02846016164315124,51455.0,27.0,977479.0,2819
565,Sherkot,Uttar Pradesh,MB,52880.0,883.0,25.0,25.0,LOW,57.0,186.0,0.4967170029824024,46693.0,20.0,3104060.0,2205
566,Palghar,Maharashtra,MCl,52677.0,871.0,23.0,40.0,MEDIUM,82.0,199.0,0.593731977353612,45882.0,20.0,4408916.0,2001
567,Shegaon,Maharashtra,MCl,52423.0,872.0,23.0,26.0,LOW,66.0,166.0,0.12278805869231935,45713.0,30.0,4408916.0,2004
568,Jangaon,Telangana,M,52394.0,925.0,25.0,26.0,MEDIUM,77.0,187.0,0.9507816264151424,48464.0,30.0,126078.0,2310
569,Bheemunipatnam,Andhra Pradesh,M,52110.0,909.0,25.0,34.0,HIGH,93.0,134.0,0.3092342192759657,47368.0,15.0,237854.0,2270
570,Panna,Madhya Pradesh,UA,52057.0,913.0,28.0,29.0,HIGH,57.0,108.0,0.6130133025771394,47528.0,27.0,421365.0,2554
571,Thodupuzha,Kerala,M,52045.0,972.0,29.0,25.0,MEDIUM,63.0,143.0,0.2518219841846432,50588.0,10.0,977479.0,2816
572,Kathua,Jammu and Kashmir,MCl,51991.0,908.0,26.0,8.0,MEDIUM,66.0,193.0,0.269989984048983,47208.0,29.0,58568.0,2359
573,Palitana,Gujarat,M,51944.0,867.0,27.0,33.0,MEDIUM,81.0,148.0,0.9188449149389509,45035.0,11.0,284973.0,2339
574,Arwal,Bihar,NP,51849.0,910.0,25.0,39.0,MEDIUM,79.0,106.0,0.44022961241394143,47183.0,12.0,923737.0,2273
575,Venkatagiri,Andhra Pradesh,M,51708.0,887.0,25.0,37.0,MEDIUM,79.0,100.0,0.5488487108947566,45865.0,17.0,237854.0,2215
576,Kalpi,Uttar Pradesh,NPP,51670.0,882.0,26.0,34.0,LOW,90.0,110.0,0.4988285623183961,45572.94,42.0,1474969.0,2291
577,Rajgarh (Churu),Rajasthan,UA,51640.0,870.0,26.0,26.0,HIGH,91.0,124.0,0.3409737618796598,44927.0,13.0,1475311.0,2260
578,Sattenapalle,Andhra Pradesh,M,51404.0,896.0,25.0,37.0,LOW,58.0,105.0,0.6016965113958133,46058.0,19.0,237854.0,2238
579,Arsikere,Karnataka,TMC,51336.0,923.0,25.0,32.0,HIGH,63.0,177.0,0.20587986985412243,47383.0,27.0,636502.0,2305
580,Ozar,Maharashtra,CT,51297.0,870.0,28.0,37.0,MEDIUM,90.0,123.0,0.4845346802877627,44628.0,11.0,4408916.0,2434
581,Thirumangalam,Tamil Nadu,M,51194.0,921.0,24.0,39.0,HIGH,86.0,156.0,0.9585402044901622,47150.0,24.0,4684707.0,2208
582,Petlad,Gujarat,M,51147.0,855.0,27.0,26.0,MEDIUM,52.0,136.0,0.2778450173989353,43731.0,14.0,284973.0,2306
583,Sri Madhopur,Rajasthan,M,51000.0,872.0,26.0,36.0,MEDIUM,78.0,200.0,0.8949368318775415,44472.0,28.0,1475311.0,2265
584,Nasirabad,Rajasthan,CB,50804.0,876.0,26.0,26.0,LOW,65.0,171.0,0.29656895578540265,44504.0,21.0,1475311.0,2275
585,Phaltan,Maharashtra,MCl,50800.0,873.0,28.0,29.0,HIGH,98.0,115.0,0.49483893883772445,44348.0,29.0,4408916.0,2442
586,Rampurhat,West Bengal,M,50613.0,953.0,25.0,37.0,HIGH,58.0,153.0,0.06966503686296666,48234.0,28.0,1489500.0,2380
587,Nanjangud,Karnataka,TMC,50598.0,936.0,25.0,29.0,MEDIUM,55.0,105.0,0.07807122609020978,47360.0,29.0,636502.0,2338
588,Jaspur,Uttarakhand,NPP,50523.0,851.0,29.0,10.0,HIGH,61.0,154.0,0.8066589625790508,42995.0,16.0,105882.0,2465
589,Forbesganj,Bihar,M,50475.0,930.0,25.0,28.0,LOW,90.0,168.0,0.8556240400936798,46942.0,25.0,923737.0,2323
590,Tundla,Uttar Pradesh,NPP,50423.0,868.0,29.0,26.0,HIGH,50.0,132.0,0.25518135130582875,43767.0,13.0,3104060.0,2515
591,Bhabua,Bihar,NP,50179.0,906.0,26.0,28.0,LOW,80.0,101.0,0.28555060960054235,45462.0,12.0,923737.0,2353
592,Sagara,Karnataka,TMC,50131.0,940.0,27.0,28.0,MEDIUM,82.0,192.0,0.34671470407510696,47123.0,25.0,636502.0,2536
593,Pithapuram,Andhra Pradesh,M,50103.0,906.0,29.0,25.0,MEDIUM,57.0,133.0,0.3188883381560549,45393.0,10.0,237854.0,2625
594,Sira,Karnataka,TMC,50088.0,924.0,24.0,40.0,LOW,76.0,133.0,0.1865567062648381,46281.0,24.0,636502.0,2216
595,Bhadrachalam,Telangana,CT,50087.0,923.0,28.0,28.0,MEDIUM,90.0,194.0,0.2744202790135256,46230.0,23.0,126078.0,2582
596,Barbigha,Bihar,NP,50080.0,923.0,28.0,25.0,HIGH,83.0,171.0,0.08332581436592745,46224.0,29.0,923737.0,2582
597,Charkhi Dadri,Haryana,NPP,49985.0,821.0,26.0,39.0,HIGH,85.0,191.0,0.5932366676902868,41038.0,29.0,303118.0,2132
598,Chatra,Jharkhand,M,49985.0,905.0,26.0,31.0,MEDIUM,70.0,104.0,0.4307812708394865,45236.0,13.0,167785.0,2351
599,Palasa Kasibugga,Andhra Pradesh,NP,49899.0,924.0,25.0,39.0,LOW,71.0,151.0,0.7657044457223546,46107.0,28.0,237854.0,2308
600,Nohar,Rajasthan,M,49835.0,850.0,28.0,30.0,LOW,82.0,170.0,0.4988285623183961,42359.75,20.0,1475311.0,2378
601,Yevla,Maharashtra,MCl,49826.0,886.0,28.0,25.0,LOW,65.0,102.0,0.6247406219979091,44146.0,23.0,4408916.0,2478
602,Sirhind Fatehgarh Sahib,Punjab,MCl,49825.0,872.0,26.0,40.0,LOW,65.0,142.0,0.8061279432752008,43447.0,23.0,242367.0,2265
603,Bhainsa,Telangana,M,49764.0,919.0,28.0,25.0,HIGH,85.0,106.0,0.12325973405356294,45733.0,10.0,126078.0,2571
604,Parvathipuram,Andhra Pradesh,M,49714.0,892.0,29.0,33.0,HIGH,72.0,174.0,0.9143519976101746,44345.0,22.0,237854.0,2584
605,Shahade,Maharashtra,MCl,49696.0,886.0,27.0,37.0,MEDIUM,71.0,153.0,0.05903581901707977,44031.0,16.0,4408916.0,2390
606,Chalakudy,Kerala,M,49525.0,968.0,29.0,34.0,HIGH,69.0,132.0,0.8794251713573312,47940.0,23.0,977479.0,2805
607,Narkatiaganj,Bihar,N.Pd,49507.0,923.0,25.0,35.0,MEDIUM,64.0,118.0,0.6411510354126468,45695.0,11.0,923737.0,2305
608,Kapadvanj,Gujarat,M,49308.0,861.0,27.0,30.0,HIGH,53.0,106.0,0.2951480967548602,42454.0,28.0,284973.0,2322
609,Macherla,Andhra Pradesh,M,49221.0,888.0,26.0,30.0,HIGH,94.0,167.0,0.23641928944055457,43708.0,21.0,237854.0,2307
610,Raghogarh-Vijaypur,Madhya Pradesh,M,49173.0,923.0,24.0,29.0,MEDIUM,59.0,181.0,0.6222181693963902,45387.0,29.0,421365.0,2213
611,Rupnagar,Punjab,MCl,49159.0,893.0,23.0,33.0,HIGH,92.0,180.0,0.020325432623125916,43899.0,17.0,242367.0,2052
612,Naugachhia,Bihar,NP,49069.0,907.0,28.0,30.0,HIGH,58.0,138.0,0.7882433448104074,44506.0,10.0,923737.0,2537
613,Sendhwa,Madhya Pradesh,M,48941.0,928.0,23.0,26.0,MEDIUM,91.0,157.0,0.11623883112811062,45417.0,23.0,421365.0,2132
614,Byasanagar,Odisha,M,48911.0,952.0,27.0,31.0,HIGH,83.0,105.0,0.10149116666098146,46563.0,23.0,66971.0,2568
615,Sandila,Uttar Pradesh,MB,48899.0,866.0,24.0,30.0,HIGH,96.0,125.0,0.5275899443213262,42347.0,12.0,3104060.0,2076
616,Gooty,Andhra Pradesh,CT,48658.0,930.0,28.0,40.0,HIGH,96.0,176.0,0.5974666748016716,45252.0,27.0,237854.0,2602
617,Salur,Andhra Pradesh,M,48354.0,891.0,29.0,39.0,LOW,54.0,194.0,0.18258742647372528,43083.0,20.0,237854.0,2581
618,Nanpara,Uttar Pradesh,NPP,48337.0,882.0,23.0,37.0,MEDIUM,66.0,128.0,0.4905440938524416,42633.0,12.0,3104060.0,2027
619,Sardhana,Uttar Pradesh,MB,48314.0,882.0,27.0,25.0,HIGH,73.0,105.0,0.5523340374947204,42613.0,11.0,3104060.0,2379
620,Vita,Maharashtra,MCl,48289.0,876.0,25.0,34.0,HIGH,61.0,104.0,0.7579014284153496,42301.0,13.0,4408916.0,2188
621,Gumia,Jharkhand,CT,48141.0,900.0,27.0,40.0,MEDIUM,51.0,132.0,0.6755525449025493,43327.0,15.0,167785.0,2428
622,Puttur,Karnataka,TMC,48070.0,927.0,24.0,26.0,LOW,75.0,156.0,0.9428703543746177,44561.0,26.0,636502.0,2223
623,Jalandhar Cantt.,Punjab,CB,47845.0,868.0,24.0,30.0,MEDIUM,92.0,165.0,0.513373934935152,41529.0,15.0,242367.0,2081
624,Nehtaur,Uttar Pradesh,NPP,47834.0,883.0,23.0,38.0,MEDIUM,80.0,165.0,0.1610898145771208,42237.0,24.0,3104060.0,2029
625,Changanassery,Kerala,M,47685.0,969.0,29.0,40.0,MEDIUM,95.0,187.0,0.9762260092103459,46207.0,29.0,977479.0,2808
626,Mandapeta,Andhra Pradesh,M,47638.0,912.0,29.0,30.0,HIGH,65.0,191.0,0.4812192125816409,43446.0,27.0,237854.0,2642
627,Dumka,Jharkhand,NAC,47584.0,893.0,27.0,29.0,MEDIUM,57.0,189.0,0.5440421853631721,42493.0,28.0,167785.0,2409
628,Seohara,Uttar Pradesh,UA,47575.0,867.0,26.0,33.0,MEDIUM,79.0,116.0,0.25164007338534633,41248.0,29.0,3104060.0,2252
629,Umarkhed,Maharashtra,MCl,47458.0,876.0,28.0,34.0,LOW,90.0,121.0,0.8287402140409765,41573.0,13.0,4408916.0,2450
630,Madhupur,Jharkhand,M,47326.0,906.0,26.0,36.0,HIGH,88.0,116.0,0.4952757664408465,42877.0,10.0,167785.0,2353
631,Rairangpur,Odisha,M,47294.0,949.0,24.0,31.0,HIGH,59.0,153.0,0.6087653863407628,44882.0,12.0,66971.0,2276
632,Vikramasingapuram,Tamil Nadu,M,47241.0,901.0,27.0,39.0,HIGH,92.0,129.0,0.612441575824267,42564.0,25.0,4684707.0,2430
633,Punalur,Kerala,M,47235.0,979.0,28.0,40.0,HIGH,52.0,185.0,0.29930489394216686,46243.0,20.0,977479.0,2739
634,Kendrapara,Odisha,M,47006.0,947.0,26.0,33.0,LOW,70.0,143.0,0.6288302369565051,44515.0,23.0,66971.0,2460
635,Sihor,Gujarat,M,46960.0,845.0,27.0,26.0,MEDIUM,94.0,134.0,0.8946142694971705,39681.0,13.0,284973.0,2279
636,Nellikuppam,Tamil Nadu,M,46678.0,919.0,25.0,32.0,LOW,64.0,170.0,0.20294495410368063,42897.0,12.0,4684707.0,2295
637,Samana,Punjab,MCl,46592.0,869.0,26.0,27.0,MEDIUM,90.0,128.0,0.6525647699346985,40488.0,20.0,242367.0,2257
638,Warora,Maharashtra,MCl,46532.0,893.0,26.0,31.0,HIGH,96.0,134.0,0.7000513746531911,41553.0,26.0,4408916.0,2230
639,Nilambur,Kerala,CT,46366.0,973.0,28.0,25.0,LOW,53.0,125.0,0.3971363621975701,45114.0,22.0,977479.0,2722
640,Rasipuram,Tamil Nadu,M,46330.0,921.0,28.0,31.0,HIGH,73.0,176.0,0.7409663618847134,42670.0,15.0,4684707.0,2576
641,Ramnagar,Uttarakhand,MB,46205.0,839.0,24.0,5.0,LOW,89.0,193.0,0.5785529244436435,38766.0,26.0,105882.0,2012
642,Jammalamadugu,Andhra Pradesh,NP,46069.0,890.0,28.0,25.0,MEDIUM,100.0,175.0,0.6112235151958839,41001.0,18.0,237854.0,2490
643,Nawanshahr,Punjab,MCl,46024.0,899.0,26.0,35.0,HIGH,97.0,117.0,0.8620078487898574,41376.0,26.0,242367.0,2335
644,Thoubal,Manipur,MCl,45947.0,979.0,25.0,15.0,LOW,76.0,194.0,0.6176804488347264,44982.0,21.0,3260.0,2445
645,Attili,Andhra Pradesh,M,45858.0,906.0,23.0,28.0,HIGH,93.0,175.0,0.7480419277337139,41547.0,10.0,237854.0,2082
646,Athni,Karnataka,TMC,45858.0,938.0,23.0,32.0,HIGH,52.0,170.0,0.17004477022255127,43015.0,16.0,636502.0,2155
647,Cherthala,Kerala,M,45827.0,960.0,30.0,32.0,MEDIUM,61.0,189.0,0.21346487776924716,43994.0,30.0,977479.0,2877
648,Farooqnagar,Telangana,CT,45675.0,922.0,27.0,38.0,HIGH,69.0,174.0,0.09552214463860775,42112.0,22.0,126078.0,2487
649,Peddapuram,Andhra Pradesh,M,45520.0,909.0,23.0,38.0,HIGH,88.0,177.0,0.08925847025777067,41378.0,30.0,237854.0,2089
650,Chirkunda,Jharkhand,NP,45508.0,909.0,23.0,40.0,MEDIUM,99.0,150.0,0.4027400073760248,41367.0,30.0,167785.0,2089
651,Pachora,Maharashtra,MCl,45333.0,876.0,29.0,35.0,LOW,70.0,115.0,0.7242964251319365,39712.0,17.0,4408916.0,2538
652,Madhepura,Bihar,M,45031.0,908.0,27.0,28.0,MEDIUM,62.0,157.0,0.9616223655916735,40888.0,20.0,923737.0,2449
653,Tumsar,Maharashtra,MCl,44869.0,873.0,25.0,30.0,MEDIUM,66.0,151.0,0.23806818749658476,39171.0,20.0,4408916.0,2180
654,Phalodi,Rajasthan,UA,44868.0,855.0,27.0,34.0,MEDIUM,99.0,110.0,0.29519199886950076,38362.0,22.0,1475311.0,2306
655,Tiruttani,Tamil Nadu,M,44781.0,917.0,27.0,37.0,LOW,81.0,129.0,0.5589032904691159,41064.0,17.0,4684707.0,2474
656,Rampura Phul,Punjab,UA,44665.0,881.0,25.0,29.0,HIGH,87.0,145.0,0.7882653369915971,39350.0,26.0,242367.0,2200
657,Perinthalmanna,Kerala,M,44612.0,971.0,30.0,30.0,LOW,60.0,175.0,0.5338654328644621,43318.0,11.0,977479.0,2910
658,Sainthia,West Bengal,M,44601.0,946.0,29.0,26.0,HIGH,83.0,178.0,0.21164818032104427,42193.0,21.0,1489500.0,2741
659,Angul,Odisha,M,44390.0,950.0,24.0,29.0,LOW,94.0,113.0,0.8871437006669354,42171.0,27.0,66971.0,2278
660,Padrauna,Uttar Pradesh,MB,44383.0,875.0,27.0,32.0,MEDIUM,93.0,102.0,0.7873451192112713,38835.0,15.0,3104060.0,2360
661,Dalli-Rajhara,Chhattisgarh,M,44363.0,973.0,25.0,29.0,HIGH,74.0,140.0,0.8242647811423741,43165.0,23.0,6394.0,2430
662,Punganur,Andhra Pradesh,NP,44314.0,882.0,29.0,30.0,MEDIUM,95.0,105.0,0.9900194024995103,39085.0,10.0,237854.0,2555
663,Mattannur,Kerala,M,44313.0,965.0,30.0,39.0,LOW,55.0,181.0,0.1653070138009496,42762.0,24.0,977479.0,2892
664,Thakurdwara,Uttar Pradesh,NPP,44255.0,878.0,25.0,32.0,MEDIUM,79.0,163.0,0.21155598273710163,38856.0,12.0,3104060.0,2193
665,Nandivaram-Guduvancheri,Tamil Nadu,TP,44098.0,906.0,28.0,32.0,HIGH,80.0,122.0,0.025790223284876013,39953.0,30.0,4684707.0,2534
666,Mulbagal,Karnataka,TMC,44033.0,954.0,25.0,30.0,LOW,77.0,149.0,0.9610208886648329,42007.0,29.0,636502.0,2383
667,Manjlegaon,Maharashtra,MCl,44029.0,873.0,26.0,37.0,MEDIUM,56.0,165.0,0.7470740494228321,38437.0,28.0,4408916.0,2268
668,Wankaner,Gujarat,M,43881.0,858.0,25.0,26.0,HIGH,75.0,168.0,0.20468261346758665,37650.0,16.0,284973.0,2143
669,Sillod,Maharashtra,MCl,43867.0,869.0,28.0,39.0,HIGH,50.0,118.0,0.21391840499761416,38120.0,11.0,4408916.0,2431
670,Nidadavole,Andhra Pradesh,M,43809.0,929.0,24.0,30.0,HIGH,65.0,195.0,0.7961027447031821,40699.0,17.0,237854.0,2228
671,Surapura,Karnataka,TMC,43622.0,953.0,24.0,30.0,MEDIUM,99.0,109.0,0.6583818136724233,41572.0,28.0,636502.0,2285
672,Rajagangapur,Odisha,M,43594.0,952.0,23.0,26.0,HIGH,61.0,170.0,0.9502566781080631,41501.0,11.0,66971.0,2188
673,Sheikhpura,Bihar,M,43113.0,919.0,27.0,35.0,LOW,59.0,139.0,0.008755664985668155,39621.0,19.0,923737.0,2479
674,Parlakhemundi,Odisha,M,43097.0,942.0,25.0,31.0,HIGH,73.0,128.0,0.7508412801750803,40597.0,21.0,66971.0,2353
675,Kalimpong,West Bengal,M,42998.0,959.0,26.0,27.0,LOW,91.0,199.0,0.6512596100667304,41235.0,26.0,1489500.0,579
676,Siruguppa,Karnataka,TP,42919.0,921.0,23.0,35.0,MEDIUM,80.0,178.0,0.7511239972007087,39528.0,20.0,636502.0,2116
677,Arvi,Maharashtra,MCl,42822.0,885.0,27.0,35.0,LOW,57.0,105.0,0.9677243444909888,37897.0,28.0,4408916.0,2387
678,Limbdi,Gujarat,M,42769.0,865.0,26.0,39.0,HIGH,98.0,166.0,0.3652085672466713,36995.0,10.0,284973.0,2247
679,Barpeta,Assam,MB,42649.0,896.0,29.0,8.0,HIGH,55.0,186.0,0.15853017617284015,38214.0,17.0,24720.0,2596
680,Repalle,Andhra Pradesh,M,42539.0,930.0,23.0,27.0,HIGH,54.0,157.0,0.5070035548467232,39561.0,24.0,237854.0,2137
681,Mudhol,Karnataka,TMC,42461.0,923.0,27.0,31.0,MEDIUM,71.0,172.0,0.026749056541588656,39192.0,21.0,636502.0,2490
682,Shujalpur,Madhya Pradesh,M,42461.0,921.0,28.0,35.0,MEDIUM,70.0,100.0,0.9625082373634891,39107.0,26.0,421365.0,2576
683,Mandvi,Gujarat,M,42355.0,856.0,24.0,31.0,MEDIUM,54.0,169.0,0.21943856722552835,36256.0,11.0,284973.0,2052
684,Thangadh,Gujarat,M,42351.0,860.0,28.0,40.0,MEDIUM,71.0,197.0,0.742232436409291,36422.0,28.0,284973.0,2406
685,Sironj,Madhya Pradesh,M,42179.0,930.0,25.0,40.0,HIGH,87.0,154.0,0.7859246038650473,39226.0,21.0,421365.0,2323
686,Nandura,Maharashtra,MCl,42167.0,893.0,26.0,29.0,MEDIUM,99.0,142.0,0.756911797537352,37655.0,18.0,4408916.0,2320
687,Shoranur,Kerala,M,42029.0,966.0,30.0,37.0,LOW,51.0,108.0,0.8216631301309933,40600.0,29.0,977479.0,2895
688,Nathdwara,Rajasthan,M,42016.0,854.0,28.0,28.0,MEDIUM,86.0,153.0,0.40925407630736477,35882.0,10.0,1475311.0,2389
689,Periyakulam,Tamil Nadu,M,42012.0,911.0,28.0,25.0,HIGH,91.0,160.0,0.9443162976710401,38273.0,29.0,4684707.0,2548
690,Golaghat,Assam,MB,41989.0,882.0,28.0,9.0,LOW,69.0,186.0,0.4461310494336367,37034.0,20.0,24720.0,2467
691,Kichha,Uttarakhand,NPP,41965.0,853.0,26.0,5.0,MEDIUM,79.0,133.0,0.5352167930991345,35796.0,10.0,105882.0,2216
692,Sultanganj,Bihar,NA,41958.0,901.0,27.0,25.0,MEDIUM,61.0,165.0,0.27566085373199734,37804.0,26.0,923737.0,2430
693,Medak,Telangana,NP,41945.0,919.0,24.0,34.0,LOW,76.0,198.0,0.21806783774426108,38547.0,11.0,126078.0,2204
694,Barauli,Bihar,NPP,41877.0,907.0,24.0,28.0,HIGH,66.0,163.0,0.03886321221063849,37982.0,28.0,923737.0,2175
695,Narayanpet,Telangana,NP,41752.0,922.0,29.0,25.0,LOW,59.0,171.0,0.1961642590727769,38495.0,26.0,126078.0,2671
696,Raxaul Bazar,Bihar,M,41610.0,907.0,27.0,36.0,MEDIUM,91.0,131.0,0.6285099366527335,37740.0,23.0,923737.0,2447
697,Rajauri,Jammu and Kashmir,NAC,41552.0,890.0,23.0,11.0,LOW,71.0,126.0,0.9997737154818801,36981.0,30.0,58568.0,2045
698,Pernampattu,Tamil Nadu,TP,41499.0,915.0,23.0,38.0,LOW,56.0,173.0,0.7944600061731119,37972.0,26.0,4684707.0,2103
699,Nainital,Uttarakhand,NPP,41377.0,850.0,29.0,12.0,LOW,61.0,120.0,0.74908175753428,35170.0,20.0,105882.0,3695
700,Ramachandrapuram,Andhra Pradesh,M,41370.0,896.0,28.0,32.0,HIGH,62.0,149.0,0.8520113621160562,37068.0,21.0,237854.0,2506
701,Vaijapur,Maharashtra,MCl,41296.0,889.0,27.0,33.0,LOW,79.0,145.0,0.6958418397813388,36712.0,14.0,4408916.0,2398
702,Nowgong,Madhya Pradesh,M,40580.0,922.0,27.0,35.0,HIGH,56.0,164.0,0.2894178289677428,37415.0,18.0,421365.0,2487
703,Naila Janjgir,Chhattisgarh,M,40561.0,970.0,29.0,37.0,MEDIUM,61.0,130.0,0.9202071794136434,39344.0,17.0,6394.0,2810
704,Mapusa,Goa,MCl,40487.0,969.0,29.0,31.0,LOW,82.0,126.0,0.15264574557949928,39232.0,10.0,541480.0,2808
705,Vellakoil,Tamil Nadu,M,40359.0,912.0,26.0,29.0,HIGH,63.0,139.0,0.8316471531758712,36807.0,29.0,4684707.0,2369
706,Merta City,Rajasthan,M,40252.0,875.0,29.0,37.0,LOW,66.0,116.0,0.8500597690665728,35221.0,28.0,1475311.0,2535
707,Sivaganga,Tamil Nadu,UA,40220.0,901.0,28.0,28.0,MEDIUM,87.0,176.0,0.4073713984022034,36238.0,20.0,4684707.0,2520
708,Sailu,Maharashtra,MCl,39851.0,883.0,23.0,26.0,HIGH,88.0,164.0,0.5653751828928766,35188.0,11.0,4408916.0,2029
709,Vyara,Gujarat,M,39789.0,863.0,24.0,36.0,LOW,88.0,108.0,0.621894043576872,34338.0,12.0,284973.0,2069
710,Kovvur,Andhra Pradesh,M,39667.0,878.0,26.0,38.0,LOW,90.0,188.0,0.930756202195384,34828.0,16.0,237854.0,2281
711,Vadalur,Tamil Nadu,TP,39514.0,913.0,26.0,31.0,LOW,69.0,168.0,0.452104746414701,36076.0,29.0,4684707.0,2372
712,Nawabganj,Uttar Pradesh,NPP,39241.0,862.0,27.0,28.0,LOW,72.0,157.0,0.9934397783712292,33826.0,21.0,3104060.0,2325
713,Padra,Gujarat,UA,39205.0,864.0,23.0,37.0,LOW,54.0,158.0,0.5698107465491056,33873.0,14.0,284973.0,1985
714,Siana,Uttar Pradesh,MB,38999.0,866.0,25.0,25.0,MEDIUM,59.0,102.0,0.2391753260630013,33773.0,29.0,3104060.0,2163
715,Shahpur,Karnataka,TMC,38907.0,929.0,25.0,40.0,HIGH,61.0,192.0,0.5195480645178964,36145.0,24.0,636502.0,2320
716,Sojat,Rajasthan,M,38883.0,848.0,27.0,38.0,LOW,82.0,156.0,0.04044734832574648,32973.0,26.0,1475311.0,2287
717,Noorpur,Uttar Pradesh,NPP,38806.0,886.0,26.0,35.0,LOW,50.0,102.0,0.4030285357405381,34382.0,14.0,3104060.0,2301
718,Paravoor,Kerala,M,38652.0,963.0,30.0,29.0,MEDIUM,89.0,199.0,0.34845652407234273,37222.0,11.0,977479.0,2886
719,Ramnagar,Bihar,NA,38554.0,905.0,29.0,29.0,LOW,66.0,145.0,0.7017676444327826,34891.0,12.0,923737.0,2622
720,Murtijapur,Maharashtra,MCl,38554.0,869.0,28.0,27.0,HIGH,100.0,158.0,0.735418685113352,33503.0,24.0,4408916.0,2431
721,Sundargarh,Odisha,M,38421.0,940.0,24.0,32.0,HIGH,89.0,167.0,0.27628488558098696,36116.0,11.0,66971.0,2254
722,Taki,West Bengal,M,38263.0,960.0,27.0,39.0,HIGH,53.0,117.0,0.9155992562967927,36732.0,26.0,1489500.0,2590
723,Saundatti-Yellamma,Karnataka,TMC,38155.0,923.0,24.0,38.0,MEDIUM,87.0,112.0,0.831627865183827,35217.0,12.0,636502.0,2213
724,Pathanamthitta,Kerala,M,38009.0,963.0,28.0,35.0,MEDIUM,55.0,134.0,0.19419702370407432,36603.0,21.0,977479.0,2694
725,Wadi,Karnataka,TMC,37988.0,925.0,26.0,32.0,MEDIUM,63.0,115.0,0.7527325725987126,35139.0,26.0,636502.0,2403
726,Rameshwaram,Tamil Nadu,TP,37968.0,917.0,24.0,37.0,HIGH,94.0,127.0,0.469445237562228,34817.0,16.0,4684707.0,2199
727,Gowribidanur,Karnataka,CMC,37947.0,926.0,29.0,26.0,MEDIUM,94.0,198.0,0.3577192152423585,35139.0,20.0,636502.0,2683
728,Tasgaon,Maharashtra,MCl,37945.0,892.0,29.0,35.0,LOW,90.0,177.0,0.3895106660506772,33847.0,11.0,4408916.0,2584
729,Sikandra Rao,Uttar Pradesh,MB,37938.0,874.0,26.0,27.0,LOW,73.0,149.0,0.10663745547573245,33158.0,28.0,3104060.0,2270
730,Sihora,Madhya Pradesh,M,37870.0,914.0,29.0,32.0,HIGH,79.0,173.0,0.9987569952350459,34613.0,25.0,421365.0,2648
731,Tiruvuru,Andhra Pradesh,M,37802.0,905.0,24.0,27.0,LOW,66.0,164.0,0.7879152343855216,34211.0,27.0,237854.0,2170
732,Tiruvethipuram,Tamil Nadu,M,37802.0,907.0,29.0,26.0,HIGH,92.0,119.0,0.3952610826770647,34286.0,13.0,4684707.0,2628
733,Mehkar,Maharashtra,MCl,37715.0,893.0,23.0,31.0,HIGH,77.0,182.0,0.9693944314742913,33679.0,10.0,4408916.0,2052
734,Peringathur,Kerala,CT,37699.0,967.0,31.0,25.0,HIGH,100.0,138.0,0.17704954801987405,36455.0,18.0,977479.0,2995
735,Perambalur,Tamil Nadu,TP,37631.0,920.0,26.0,31.0,HIGH,70.0,154.0,0.8482909107576305,34621.0,29.0,4684707.0,2390
736,Manvi,Karnataka,TMC,37613.0,921.0,24.0,37.0,HIGH,95.0,144.0,0.8586629850360075,34642.0,15.0,636502.0,2208
737,Pattamundai,Odisha,M,37527.0,947.0,28.0,39.0,MEDIUM,76.0,144.0,0.2883366902501131,35538.0,18.0,66971.0,2649
738,Zunheboto,Nagaland,TC,37447.0,931.0,29.0,15.0,HIGH,91.0,144.0,0.14167686340025287,34863.0,13.0,2769.0,2697
739,Kanigiri,Andhra Pradesh,M,37420.0,905.0,28.0,33.0,MEDIUM,66.0,173.0,0.9991855280206662,33865.0,30.0,237854.0,2532
740,Mahnar Bazar,Bihar,M,37370.0,913.0,28.0,29.0,HIGH,54.0,194.0,0.01844197893379429,34119.0,25.0,923737.0,2554
741,Attingal,Kerala,M,37346.0,976.0,31.0,37.0,HIGH,75.0,134.0,0.646359901582806,36450.0,16.0,977479.0,3023
742,Shahbad,Haryana,MC,37289.0,829.0,24.0,33.0,MEDIUM,77.0,171.0,0.7899843638745375,30913.0,28.0,303118.0,1988
743,Puranpur,Uttar Pradesh,MB,37233.0,886.0,28.0,35.0,MEDIUM,66.0,195.0,0.37881201369475737,32988.0,12.0,3104060.0,2478
744,Nelamangala,Karnataka,TMC,37232.0,931.0,24.0,34.0,MEDIUM,78.0,134.0,0.38226519721413277,34663.0,19.0,636502.0,2232
745,Lalganj,Bihar,NAC,37000.0,919.0,29.0,36.0,LOW,54.0,168.0,0.2897090964732587,34003.0,19.0,923737.0,2663
746,Nakodar,Punjab,MCl,36973.0,873.0,26.0,31.0,LOW,61.0,171.0,0.26588958278708275,32277.0,14.0,242367.0,2268
747,Lunawada,Gujarat,M,36954.0,846.0,23.0,28.0,MEDIUM,68.0,103.0,0.035280469740038733,31263.0,19.0,284973.0,1944
748,Murshidabad,West Bengal,M,36947.0,945.0,23.0,36.0,MEDIUM,62.0,136.0,0.05639359595275528,34915.0,22.0,1489500.0,2172
749,Mahe,Puducherry,M,36828.0,1019.0,28.0,28.0,HIGH,98.0,138.0,0.06675218008438255,37528.0,27.0,106153.0,2851
750,Lanka,Assam,MB,36805.0,900.0,24.0,6.0,MEDIUM,63.0,145.0,0.6275556340756849,33125.0,15.0,24720.0,2158
751,Rudauli,Uttar Pradesh,MB,36776.0,889.0,25.0,37.0,HIGH,51.0,181.0,0.31338326279829554,32694.0,30.0,3104060.0,2220
